DATE,MLP,LSTM,XGB,ENET,Koop,ann_MLP,ann_LSTM,ann_XGB,ann_ENET
1/1/92,,,0.002451535,,2.917053878,,,,
2/1/92,0.002300061,,0.001674084,0.00545699,5.384381991,,,,
3/1/92,0.00142467,,0.001926327,0.005973126,6.697986775,,,,
4/1/92,0.003106149,,0.003773819,0.003888222,6.808582294,,,,
5/1/92,0.003263969,0.005389445,0.004195192,0.003781077,5.402005817,,,3.109535016,
6/1/92,0.00441455,0.005395223,0.002815657,0.003115369,4.041716455,3.388044921,,3.740564749,5.299391077
7/1/92,0.003557427,0.003369542,0.004145061,0.004014626,2.690027877,3.975387088,,4.24478886,4.711755551
8/1/92,0.003360686,0.003189791,0.002550164,0.002633089,2.411911154,4.447103819,,4.19352809,4.194509919
9/1/92,0.002914489,0.003273269,0.003137378,0.003184888,2.4217433,4.320161697,4.792182458,4.066586091,4.06756784
10/1/92,0.003204625,0.002922639,0.002714691,0.003200782,3.673405227,4.086008978,4.156380861,3.69942924,3.815259407
11/1/92,0.001719338,0.003597908,0.003892981,0.003300988,4.275873641,3.620114146,3.868282245,3.730651612,3.805069312
12/1/92,0.005450591,0.003854007,0.003766882,0.003872784,4.286002572,3.692374316,3.940542477,3.802911658,3.877329409
1/1/93,0.000615645,0.000574634,0.000284748,0.000556652,2.478101294,3.466477377,3.759322478,3.741895295,3.705551434
2/1/93,0.000595128,0.000513524,0.001071495,0.000619151,0.278043339,3.309532309,3.11243569,3.125638678,3.087141973
3/1/93,0.000457272,0.000579887,0.000311802,0.000492242,-0.706210927,2.148664475,1.951567891,1.964770871,1.926274178
4/1/93,0.002616826,0.001858894,0.00276852,0.002236703,0.381600047,1.599818049,1.275002141,1.459065002,1.341963716
5/1/93,0.002207373,0.001990411,0.001610659,0.001569298,2.941318381,1.415832189,1.206605757,1.401445696,1.24191782
6/1/93,0.00098063,0.001955523,0.00142565,0.001998828,4.308675084,1.967403339,1.758176888,1.95301685,1.793488954
7/1/93,0.001833734,0.001605904,0.001558249,0.001625001,3.613173691,2.147738236,2.104781219,2.012048929,2.039493209
8/1/93,0.001558432,0.00171498,0.0013581,0.001377495,1.920611409,2.026581625,2.217743173,1.965518078,2.133237401
9/1/93,0.001368035,0.001439317,0.001843851,0.001757705,1.310936839,1.887297848,2.078459396,1.826234302,1.993953628
10/1/93,0.003812814,0.004720351,0.004101138,0.004398175,3.183319493,2.116303565,2.388167304,2.187371937,2.305986472
11/1/93,0.001495527,0.004675915,0.005116414,0.00405659,5.810094893,2.423447572,3.129390612,3.083292488,3.000805788
12/1/93,0.008201482,0.004113557,0.004292271,0.005055059,7.585872102,3.590063921,4.296006899,4.249908822,4.167422128
1/1/94,0.002834487,0.001976761,0.002614163,0.003113327,6.453225309,4.36235941,4.681551658,4.879209942,4.792968938
2/1/94,0.00146704,0.003093792,0.003257534,0.002928802,4.381539724,5.139243882,4.461355507,4.759551988,4.910931352
3/1/94,0.005355325,0.004586298,0.003785155,0.003614723,3.06896777,4.625514445,3.947626085,4.245822566,4.397201887
4/1/94,0.002269906,0.008397423,0.003528044,0.004104913,3.926635366,4.166951062,4.655796786,4.052207184,4.186997006
5/1/94,0.005777744,0.006039717,0.001890579,0.004321868,5.525439054,4.286946387,5.967707094,3.924181747,4.312905943
6/1/94,0.005413172,-0.000976318,0.008042199,0.005034041,6.492340753,4.794142364,6.474903078,4.431377662,4.820101882
7/1/94,0.002065653,0.002025572,0.001072276,0.001662369,5.735366848,5.349382013,5.276430755,4.489287082,4.869413864
8/1/94,0.002092475,0.002109325,0.002126744,0.002225424,4.245758798,4.838492007,3.161116185,4.760945775,4.453457836
9/1/94,0.001670698,0.001693928,0.002629805,0.001941032,3.540623815,3.820892392,2.143516578,3.74334616,3.435858279
10/1/94,0.001739503,0.002089336,0.003824664,0.00394011,3.70250298,2.787040019,1.983998941,3.420167385,3.047629952
11/1/94,0.005478062,0.003529447,0.002948187,0.003682169,4.937223926,2.695968468,2.537883244,3.175025775,3.133160188
12/1/94,0.004173017,0.005771799,0.004617732,0.003768303,5.165380697,3.437535993,3.279450846,3.916593486,3.874727784
1/1/95,0.001063282,0.001054749,0.001362583,0.001165657,4.620088372,4.132427291,3.874571746,3.962898736,3.942669526
2/1/95,0.000926591,0.001218498,0.000723895,0.001144424,3.046501244,3.769044182,3.972216478,3.60310593,3.478012612
3/1/95,0.001551654,0.001268279,0.001455048,0.001231445,1.740381456,2.722503509,2.925675766,2.556565125,2.431471892
4/1/95,0.00066106,-0.00058274,0.000590642,0.00086053,1.126335277,1.712496028,1.798747977,1.735376124,1.714174609
5/1/95,0.001487804,0.001402893,0.001128743,0.001087943,1.175293034,1.38417976,1.004532709,1.264739114,1.327712532
6/1/95,0.000829924,0.002158634,0.001259403,0.001030314,2.11177924,1.309147912,0.929500846,1.189707243,1.252680666
7/1/95,0.002642407,0.003630158,0.001227663,0.002223475,3.299563277,1.551925282,1.634520572,1.302537058,1.400058406
8/1/95,0.001835406,0.002892362,0.003907531,0.003354658,4.276729208,1.766221171,2.513550222,1.731892279,1.857195648
9/1/95,0.00399346,0.001948753,0.003336078,0.002893139,4.812819974,2.498552545,3.245881572,2.464223544,2.589526954
10/1/95,0.002491611,0.002293033,0.00152469,0.001853128,4.247264101,2.946598184,3.238209989,3.151222303,3.090752655
11/1/95,0.001560257,0.002219676,0.003139492,0.002469888,3.837653585,3.311610346,2.942250964,3.365310732,3.171780273
12/1/95,0.002715999,0.002255158,0.002103685,0.002444851,2.90582231,3.084489517,2.715130181,3.138190042,2.944659537
1/1/96,0.000295218,0.001755223,0.001719158,0.001538301,2.869312127,2.584622459,2.594584723,2.897394837,2.72494152
2/1/96,0.004464002,0.002797842,0.003057049,0.003722669,2.702765438,2.508607972,2.640819519,2.748012481,2.790230378
3/1/96,0.002703366,0.002909522,0.002686379,0.002201617,4.323172849,2.601237316,2.733448877,2.840641777,2.882859709
4/1/96,-0.005378446,0.008901529,0.005502541,0.005269357,5.204673355,2.23023047,3.850626914,3.411793088,3.514940185
5/1/96,0.012366517,0.005645357,0.005766208,0.005697637,7.067585644,2.525726147,5.270384888,4.355157989,4.243312088
6/1/96,0.009553797,0.00199498,0.005273117,0.005574873,6.685439109,3.736296855,6.480955457,5.565728682,5.453882765
7/1/96,0.002001621,0.000421155,0.002431355,0.002178963,6.371360348,6.687365069,5.607968774,5.862356815,5.754926581
8/1/96,0.005626614,0.005201639,0.003469343,0.003387566,4.560011083,7.686111021,4.296151091,5.491515001,5.484632097
9/1/96,0.001302109,0.003307549,0.003029644,0.003363814,4.010507359,6.67124119,3.281281388,4.476645123,4.469762246
10/1/96,0.008609997,0.013489759,0.002382335,0.003219224,3.667765629,5.553479213,5.139608658,3.864730677,4.005646566
11/1/96,0.002612723,-0.002554483,0.004827186,0.003717359,4.495591648,4.932518878,6.022948605,3.740110776,3.893512629
12/1/96,-0.000892566,-0.00060512,0.003120633,0.003393572,5.113045911,5.11916033,6.20959017,3.926752415,4.080154245
1/1/97,0.000847734,0.001306493,0.001779341,0.001991989,4.999549129,3.389716536,3.029315888,4.039530922,3.964462964
2/1/97,0.003085943,0.00274746,0.003026749,0.002419997,4.440557296,2.125220823,1.590117028,3.731205252,3.63181774
3/1/97,0.002500014,0.002379738,0.001627601,0.002021705,4.131570648,1.605692382,1.070588517,3.211676748,3.112289246
4/1/97,0.008094297,0.004159735,0.004375039,0.004301692,4.77305555,3.087340776,2.555927642,3.118640433,3.064352475
5/1/97,0.002650958,0.006241999,0.00593624,0.006386378,5.49101724,4.447895071,3.800279476,3.653594619,3.718247995
6/1/97,0.005769798,0.006113316,0.006203773,0.005826981,6.218375154,5.792076575,5.144460655,4.997776014,5.062429283
7/1/97,0.01948492,0.00460555,0.004133868,0.004463867,6.199104671,7.6887995,6.16765162,5.96370829,6.120273611
8/1/97,-0.042535719,0.003698581,0.004101533,0.003797979,6.527016721,3.618630332,6.385781802,6.297080902,6.304147361
9/1/97,0.035459187,0.004104255,0.004172985,0.00414654,6.463947935,3.071075212,5.838226713,5.749525627,5.75659207
10/1/97,0.003696654,0.002363122,0.00348519,0.003012713,6.238594422,-1.100331979,4.932239155,5.147635937,4.993926189
11/1/97,0.000903319,0.003130344,0.002604162,0.002642881,5.667132481,6.54502272,4.289608945,4.590724222,4.422367063
12/1/97,0.003902382,0.003008889,0.002413004,0.002846761,5.16806164,6.024218258,3.768804669,4.06992007,3.901562893
1/1/98,0.003224115,0.003881908,0.003878164,0.003037135,4.769839538,7.545510959,3.749495558,3.688002937,3.577502125
2/1/98,0.002005186,0.003602251,0.00307153,0.003573237,4.373471545,3.42184746,3.868872269,3.568051104,3.53150194
3/1/98,0.004758189,0.002503331,0.003037795,0.003377118,4.511042471,3.619865359,4.06689023,3.766068878,3.729519918
4/1/98,0.002817083,0.005530401,0.002533536,0.003401601,4.700205003,3.826617418,4.282202541,3.732406472,3.972877163
5/1/98,0.002946701,0.002625607,0.003017427,0.003352403,5.225852366,4.011989323,4.304374785,3.629214565,4.062742414
6/1/98,0.003450513,0.001058289,0.003663333,0.002460292,5.425972147,3.908897005,4.201282312,3.526122216,3.95964996
7/1/98,0.002977385,0.000168021,0.004098584,0.004245565,5.624295182,3.881449128,3.163406831,3.810986566,3.920490602
8/1/98,0.003127839,0.004885555,0.005478566,0.005111182,5.444283727,3.752617631,2.557076956,4.431216543,4.145279524
9/1/98,0.006405591,0.007457239,0.002933665,0.003154068,5.818447899,4.192153364,2.996612771,4.8707524,4.584815337
10/1/98,0.006126311,0.006904855,0.006499309,0.00506296,5.418030954,5.03017238,5.049377067,5.421711908,5.020808567
11/1/98,0.00381805,0.004817315,0.004181798,0.005457238,5.747755193,5.936067769,6.791716368,5.471617139,5.268438917
12/1/98,0.006019502,0.004241691,0.005282757,0.005443664,5.196640776,6.396474068,7.25212271,5.932023625,5.728845239
1/1/99,0.002106984,0.013776267,0.002016114,0.003062313,5.524692154,5.90111337,7.730472709,5.474574088,5.813512517
2/1/99,0.004731516,-0.012418318,0.004391508,0.003086576,5.256465647,5.4355201,5.919836896,5.217988292,5.535950595
3/1/99,0.002511985,0.007992536,0.002942864,0.003201597,5.215608425,4.553736467,5.038053294,4.336204535,4.654166947
4/1/99,0.009677458,0.001356021,0.00253366,0.003007398,4.30383351,5.217259501,1.584048724,4.121186243,4.031814378
5/1/99,-0.004086502,0.004333663,0.003385454,0.00284917,3.303438866,4.583251228,2.661726003,3.744066072,3.693895988
6/1/99,0.002721826,0.002623097,0.002393668,0.002456214,2.906137159,4.444890811,2.523365524,3.605705531,3.555535551
7/1/99,0.015066193,0.000444256,0.004935273,0.005168023,2.965975403,4.015632036,3.919469158,3.718553856,3.712580425
8/1/99,0.004851972,0.004705608,0.003419659,0.004311964,3.79919802,5.953905514,3.131567958,3.970103338,4.096318588
9/1/99,-0.006746462,0.008021839,0.004816771,0.003691717,4.750692339,6.601761654,3.779424188,4.617959416,4.74417478
10/1/99,0.005285199,0.006745219,0.005892196,0.005215141,5.594567905,5.226987135,5.388977371,5.073190263,5.110230048
11/1/99,0.00572731,0.004377669,0.005397028,0.005383469,6.651884941,2.777127922,6.905212715,5.78750968,5.424113545
12/1/99,0.005261025,0.005150648,0.004984312,0.005674925,7.114339939,3.190705491,7.318790381,6.201087466,5.837691196
1/1/00,0.00259766,0.000901106,0.000456846,0.001022061,7.806286113,4.550077083,6.1130247,5.762362162,5.685909152
2/1/00,0.001158839,0.001133564,0.001566847,0.001215613,7.058387723,5.183607449,4.518436904,4.549296852,4.83554549
3/1/00,-0.000135131,0.001586699,0.001597677,0.001383695,6.389307827,3.496652003,2.831481343,2.862341322,3.148589935
4/1/00,0.00612934,0.007232988,0.004327687,0.005817149,5.062556801,2.63892569,2.767991787,2.416211274,2.660056609
5/1/00,0.005237932,0.006521496,0.007274507,0.006401892,4.751134155,2.93420786,3.855440603,3.241793353,3.418741429
6/1/00,0.006681738,0.004294525,0.006446817,0.00582997,4.360135426,4.857893335,5.779126069,5.165478913,5.342426941
7/1/00,0.000318904,0.000265367,0.000366617,0.00033084,3.970704017,5.535963434,5.92954439,6.044909618,5.89525973
8/1/00,0.0001275,0.000322697,0.000279924,0.000313658,3.213582887,4.98876347,4.535065102,5.230707935,4.944824057
9/1/00,0.000572403,0.000430743,0.000372266,0.000374309,2.46420439,2.718069676,2.26437132,2.960014037,2.674130238
10/1/00,0.002421443,0.002425044,0.001399482,0.001696699,1.752462483,1.502439205,1.210650701,1.355178239,1.317058724
11/1/00,0.001769319,0.001626495,0.002343679,0.002428184,0.786356272,1.187108977,1.157276356,0.95812085,1.053688536
12/1/00,0.001761873,0.001901097,0.002209475,0.001827753,0.489838377,1.844952818,1.815120232,1.615964734,1.711532414
1/1/01,-0.00194121,9.53E-05,-0.001403425,-0.00133777,0.911289616,1.640771089,1.874378363,1.762372201,1.782665875
2/1/01,-0.000243432,-0.00097807,-0.001810655,-0.001218839,2.125032242,0.949313321,1.412521429,1.079701229,1.085592802
3/1/01,-0.001098731,-0.002400631,-6.93E-05,-0.000726763,2.868529663,-0.282154372,0.181053652,-0.151766529,-0.145874962
4/1/01,0.00332744,0.0014827,0.001662775,0.001852531,2.603895343,-0.229448375,-0.554802531,-0.600686504,-0.547373384
5/1/01,0.000525267,0.002085768,0.001990081,0.002910774,1.595200513,0.194117675,-0.534871553,0.011069319,0.088013091
6/1/01,0.002372902,0.002657142,0.002572754,0.001462304,0.522385931,1.461981982,0.732992822,1.278933613,1.355877406
7/1/01,0.004999245,-0.001383817,-0.003641967,-0.001759457,-0.380054305,2.250266836,1.433672089,1.430672094,1.716769873
8/1/01,-0.023448849,-0.001659222,-0.003265075,-0.002492872,-1.355257756,-0.260490396,1.226507562,0.374958478,0.80656106
9/1/01,0.014435165,-0.0009714,0.002892603,0.000237889,-1.962015874,-1.625830385,-0.138832349,-0.990381371,-0.5587788
10/1/01,-0.008176574,0.000593237,0.001018461,0.001435781,-2.533083127,-4.970853465,-0.858362764,-1.027031662,-1.016488504
11/1/01,0.006843907,0.000905003,0.000716154,0.000678824,-1.73985006,-1.080293519,-0.736664546,0.167835993,-0.330819342
12/1/01,0.004076654,0.001245747,0.001009371,0.000629381,-1.040956977,-0.179169948,0.16445887,1.068959354,0.570304037
1/1/02,0.00314104,0.002756488,0.004069623,0.002658916,1.186195459,3.987744761,1.090408536,1.755513755,1.208480255
2/1/02,0.002815908,0.002685235,0.002580851,0.002070777,2.963390883,3.578558719,1.911825826,2.159863866,1.609357518
3/1/02,0.002371858,0.002887083,0.001678331,0.003599112,4.555976108,4.323201254,2.656468439,2.904506361,2.354000087
4/1/02,0.001896256,0.002438134,0.002658353,0.002206075,4.753617502,3.392857267,3.070230347,3.054157955,2.87517919
5/1/02,0.001853418,0.002048007,0.00116559,0.001876034,4.051269349,2.871247831,3.161664338,2.766481802,3.184798699
6/1/02,0.002358698,0.00162223,0.002284429,0.002026263,3.335981853,2.575189946,2.865606345,2.470424057,2.888740849
7/1/02,0.00150886,0.001126319,0.000894419,0.000997736,2.461038939,2.39345065,2.437086962,2.127344433,2.491950044
8/1/02,0.00144329,0.001461085,0.002071257,0.00181544,1.583051849,2.285359598,2.015274965,2.09372188,2.113045913
9/1/02,0.001104724,0.001469469,0.001091199,0.001243698,1.024947275,2.011826588,1.741742001,1.820188846,1.839512893
10/1/02,0.000502296,0.000347408,0.000424462,0.00037948,0.78195665,1.655737582,1.539262776,1.71918609,1.644657561
11/1/02,0.000454472,0.000430322,0.00029291,0.000541014,1.418278161,1.222489999,1.277604676,1.260314816,1.287957817
12/1/02,0.00027852,0.000457558,0.000517916,0.000314794,2.178822912,0.8462784,0.901393107,0.884103224,0.911746244
1/1/03,0.002037749,0.001804609,0.001808194,0.002241967,2.138856892,0.809002621,0.823329956,0.755050278,0.866300432
2/1/03,0.001752039,0.001715312,0.00044071,0.001137626,2.103423752,1.07657812,1.054033967,0.882817005,1.070326451
3/1/03,0.001462812,0.00173268,0.003003696,0.001873008,1.298863207,1.612219913,1.589675775,1.418458845,1.605968254
4/1/03,0.002322175,0.002696185,0.00383999,0.002623513,1.972199525,1.981057976,2.049900824,2.040509065,1.944151144
5/1/03,0.003017222,0.002865948,0.001950963,0.002693495,2.273876931,2.345578109,2.492212038,2.844219624,2.410234991
6/1/03,0.003477834,0.003255097,0.003026277,0.003500223,3.78616734,2.820862069,2.967495921,3.319503491,2.88551895
7/1/03,0.005912647,0.006035693,0.005100834,0.005892805,4.660975802,3.736952242,3.769170834,3.691993856,3.745835762
8/1/03,0.005405441,0.005420439,0.007115939,0.004807654,5.651772312,4.80278066,4.758026327,4.551780596,4.680591264
9/1/03,0.005177115,0.005039071,0.00427843,0.005794744,5.46170449,5.826510303,5.781756093,5.575510347,5.704320882
10/1/03,0.004323101,0.004769803,0.003229663,0.003612819,4.896421311,6.159570844,6.191432662,6.181638036,5.988146853
11/1/03,0.003837764,0.00392959,0.004942491,0.004142679,4.0824916,5.965178553,6.061730658,5.809309209,5.901421481
12/1/03,0.003379502,0.002840973,0.003368213,0.003784869,3.967710263,5.304533771,5.401085721,5.148664427,5.240776743
1/1/04,0.001377715,0.002085117,0.001317808,0.002227,3.577177157,4.463110274,4.55126809,4.482595141,4.699354197
2/1/04,0.001616845,0.0018355,0.002315992,0.001983029,3.373159901,3.534587814,3.621018228,3.756119094,3.958641719
3/1/04,0.002655961,0.001729903,0.002016719,0.001440492,3.271791904,2.749274982,2.835705442,2.970806121,3.173328812
4/1/04,0.002352346,0.00260836,0.003600223,0.002840539,3.689007922,2.486631088,2.478116456,2.744729072,2.654596997
5/1/04,0.003241944,0.002571723,0.002855372,0.002845359,4.201564256,2.736789578,2.497902544,2.940769074,2.538795872
6/1/04,0.002125361,0.002539567,0.001264055,0.002033752,4.70163251,3.012673495,2.773786476,3.216653038,2.81467983
7/1/04,0.003602909,0.003066416,0.003775688,0.003510106,4.727778165,3.325348441,3.040978778,3.211610485,3.098034149
8/1/04,0.002883221,0.00276784,0.002661791,0.002691512,5.143952886,3.373513867,3.236157075,3.108839908,3.24589819
9/1/04,0.0029551,0.003606973,0.003003751,0.003239612,4.720533099,3.603057874,3.465701081,3.338383883,3.475442185
10/1/04,0.003917497,0.002802871,0.004039396,0.003345028,4.308764044,3.707805121,3.599031673,3.579693443,3.593700151
11/1/04,-0.000668134,0.003189,0.002807284,0.002998603,3.335144887,3.386868055,3.762367802,3.86621297,3.773416544
12/1/04,0.006901029,0.004158521,0.00330371,0.003806761,3.056378704,3.481422892,3.856922717,3.960767761,3.867971402
1/1/05,0.000854419,0.003268575,0.00185516,0.003357969,3.476265653,3.125622349,4.048710844,3.728930155,3.986262216
2/1/05,0.00595168,0.003881144,0.005212901,0.004216518,3.937189082,4.125977696,4.276630344,3.798442272,4.225996179
3/1/05,0.00422645,0.003882832,0.003964488,0.003458064,4.661981456,4.243598809,4.394251605,3.916063501,4.343617407
4/1/05,-0.002247558,0.001484556,0.0014232,0.001698193,4.081152983,4.356033277,4.211909836,4.267321418,4.238209669
5/1/05,0.003315034,0.001691942,0.000992015,0.001437528,3.76716495,3.23427297,3.645388549,3.735045561,3.599881336
6/1/05,0.003846675,0.001737652,0.002498936,0.001778429,3.050504262,2.418486432,2.829601771,2.919258969,2.78409464
7/1/05,0.001416752,0.002517626,0.004839383,0.003446633,3.335028966,2.504871568,2.389426762,2.616558193,2.422736743
8/1/05,0.003824497,0.002735031,0.001761775,0.002998986,3.034016211,3.010738051,2.380223852,2.979277043,2.640105147
9/1/05,0.002566333,0.002554925,0.001206423,0.001361963,3.478195285,3.396528897,2.766014744,3.365067874,3.025895999
10/1/05,0.002153216,0.00213452,0.001735428,0.001795636,3.134477516,3.391940302,2.962982204,2.881506986,2.958428559
11/1/05,0.001722274,0.001958462,0.00179963,0.00205371,4.488228808,3.039126874,2.917328663,2.300358641,2.556729964
12/1/05,0.001664302,0.00144681,0.002004734,0.001690447,5.458900732,2.736754917,2.614956691,1.997986777,2.254358054
1/1/06,0.003200631,0.00459347,0.005434404,0.004497887,7.422062071,2.475843082,2.691525469,2.602672282,2.53241922
2/1/06,0.004769722,0.004971371,0.003094646,0.004065477,7.672008145,2.90155403,3.273357886,3.37497935,3.204752831
3/1/06,0.005393784,0.003799299,0.004835088,0.004800775,6.892629577,3.944800018,4.316604168,4.418225431,4.247998974
4/1/06,0.000786406,0.00139129,0.000822513,0.000996986,4.461229621,4.526493931,4.605033187,4.353356004,4.464158189
5/1/06,0.001019688,0.000784263,0.000764925,0.000815787,2.248186257,4.201856768,3.933460017,3.805188222,3.978789715
6/1/06,0.000778093,0.000408633,0.000996748,0.000771414,0.884993184,2.764529929,2.496132895,2.367861274,2.541462689
7/1/06,0.000551104,0.000852535,0.000625688,0.000504384,0.560296403,1.617726195,1.413929129,1.519209666,1.505242236
8/1/06,0.000513166,0.000522382,0.000398955,0.00051046,0.809527155,0.903390876,0.855088898,0.932391617,0.861603667
9/1/06,0.000434167,0.000123519,0.000473793,0.000483592,1.495652283,0.758624232,0.710322267,0.787624961,0.716837039
10/1/06,0.003628915,-7.35E-05,0.001118843,0.002465089,2.083936188,1.055606036,0.513924751,0.734855716,0.899178043
11/1/06,0.002245457,0.003958374,0.002796898,0.002398783,2.734502015,1.651096251,0.810577043,1.050608074,1.374005629
12/1/06,0.002683404,0.004672853,0.004642034,0.003693903,2.288532448,2.592341516,1.751822322,1.991853258,2.315250899
1/1/07,0.001145805,0.001161145,0.00092588,0.000809806,1.771520353,2.79213062,2.981145278,2.841616108,2.774364273
2/1/07,0.001435583,0.00117549,0.001086767,0.001270341,0.231025988,2.652964368,3.381284676,3.143635827,2.83124217
3/1/07,0.000422453,0.000667206,0.000991194,0.000923695,0.230248558,1.9124397,2.640759999,2.403111251,2.09071751
4/1/07,0.002460848,0.00380732,0.002399704,0.002204645,0.15914093,1.678335372,2.088445891,1.884824829,1.756875927
5/1/07,0.001703868,-0.001165029,0.001783882,0.001994699,1.560032159,1.587985541,1.595113822,1.687504561,1.670074524
6/1/07,0.001934268,0.003456692,0.001915397,0.001899639,1.629473933,2.000671222,2.007799471,2.100190179,2.082760163
7/1/07,0.001928437,-0.00172042,0.002469511,0.001812107,1.18737511,2.167029749,1.330629744,2.325673526,2.257128773
8/1/07,0.001745158,0.003935863,0.00095475,0.001640356,-0.341842171,2.303122357,1.645648169,2.347657255,2.28767058
9/1/07,0.002070136,0.003528288,0.002319471,0.002291268,-1.322959809,2.25575543,1.598281243,2.300290375,2.240303673
10/1/07,0.002198279,0.002087276,0.003014396,0.002085791,-1.07496168,2.315355682,2.795639013,2.316267369,2.281766435
11/1/07,0.00195754,0.003233467,0.002388686,0.002055041,-0.322881148,2.397768106,3.219225133,2.633986839,2.425766202
12/1/07,0.002106896,0.000941972,0.000859633,0.002121884,0.611666256,2.466966041,3.288423053,2.703184689,2.494964122
1/1/08,-0.001846654,-0.000673793,-0.000805496,-0.001175254,0.298433233,1.960860519,2.481785704,2.190412193,2.092864877
2/1/08,-0.000998933,-0.001957309,-0.000934226,-0.001573148,-0.197965008,1.032241092,1.076697481,1.043393191,1.151715729
3/1/08,-0.001431189,-0.001645673,-0.002537054,-0.001528374,-0.807919139,-0.373024416,-0.328567989,-0.361872201,-0.253549751
4/1/08,-0.001295318,0.009558829,0.002256853,0.001875656,-0.853133492,-1.165454105,-0.001341306,-0.849505491,-0.817221331
5/1/08,0.004925454,-0.003271444,0.002698839,0.002368303,-0.275978165,-0.773769229,0.842770957,-0.409675141,-0.37160753
6/1/08,0.00230649,-0.000350758,0.000980934,0.001692667,0.211316299,0.588017656,2.204557885,0.952111743,0.990179339
7/1/08,-0.000491258,-0.000840921,-0.008522618,0.023289998,0.530860101,1.983501157,0.815361901,0.468322697,4.800423866
8/1/08,-0.001709018,-0.003083044,-0.003423848,0.026293559,-0.759285358,1.704470223,-0.37349601,-1.316233274,11.27517567
9/1/08,-0.003066148,-0.001342459,0.006680042,-0.05484998,-1.986769938,0.210730219,-1.867236034,-2.809973309,9.781435709
10/1/08,-0.007454902,0.01671573,-0.003885585,0.003046047,-4.913531951,-2.318703647,0.366544044,-2.248179618,2.733256653
11/1/08,-0.010818942,0.029217619,-0.007826182,-0.006554438,-6.843147014,-5.17819783,6.881959178,-1.457005553,-11.8846894
12/1/08,-0.003859569,-0.068066761,-0.010421644,-0.018625021,-9.417685837,-7.427129662,4.633027439,-3.705937198,-14.13362126
1/1/09,-0.004345153,-0.002705029,-0.000772066,-0.00448644,-9.152333383,-8.332942457,-2.546225566,-6.158003948,-14.68769124
2/1/09,-0.003628935,-0.004263109,-0.003571498,0.024698816,-8.491757262,-7.065431153,-18.49633077,-7.455801607,-6.694927762
3/1/09,-0.003439544,-0.004445494,-0.007070067,-0.031626007,-6.450385216,-5.636126983,-17.06702669,-6.026497646,-5.265623578
4/1/09,-6.64E-05,-0.000547303,0.000132737,-0.000667655,-4.350409827,-4.050958178,-12.76059131,-4.891689087,-2.322816427
5/1/09,-0.001521574,-0.000612114,-0.001218259,-0.000616145,-1.324794742,-3.143475465,-3.503259559,-4.010406494,-6.922437911
6/1/09,-0.000200114,-0.00062869,-0.000702586,-0.000504307,0.970871757,-1.860072243,-2.219856344,-2.727003244,-5.639034692
7/1/09,0.002015871,0.001182165,0.000964592,0.001090105,2.163479004,-0.869528173,-0.993554193,-1.453326448,-4.630434872
8/1/09,0.000218234,0.001192958,0.00206223,0.001493505,1.646055932,0.072008796,-0.013375018,-0.056016395,0.034779722
9/1/09,0.001271667,0.001130648,0.000478949,0.000922162,1.694742379,0.777859349,0.692475486,0.649834094,0.740630224
10/1/09,0.004002163,0.003736061,0.004278959,0.003081521,2.696473118,1.470910156,1.508249575,1.686686114,1.47763497
11/1/09,0.00534747,0.003618915,0.00178349,0.003579948,4.559656677,2.615884664,2.406808206,2.248974226,2.211545467
12/1/09,0.001401502,0.003396161,0.004688686,0.004089666,5.368268952,3.581933082,3.372856804,3.215022657,3.177593978
1/1/10,0.000856248,0.001762439,0.000335617,0.001985758,4.4973759,3.863687317,3.73523656,3.213376626,3.732018517
2/1/10,-0.003264923,0.00143105,0.00158916,0.000845461,3.085716389,2.313224444,3.482440176,3.222985348,3.64365236
3/1/10,0.007241985,0.00163982,0.002908534,0.002002091,1.978677701,1.524181152,2.693396683,2.433942103,2.854609006
4/1/10,0.001827915,0.004026071,0.001905967,0.00395997,2.388782677,1.28414873,2.469320192,2.380057735,2.474895639
5/1/10,0.006231138,0.003487305,0.003663942,0.003341592,3.050693924,3.458576727,2.811126318,2.628721685,2.792597939
6/1/10,0.001570296,0.002115973,0.004059441,0.002327788,4.698134177,4.098048558,3.450598226,3.268193609,3.432069886
7/1/10,0.00365383,0.002190246,0.00325015,0.002691267,5.432750712,4.8514201,3.543476062,3.877510068,3.639153243
8/1/10,0.002375045,0.002516425,0.002580345,0.002140793,6.186367982,3.824504558,3.232735923,4.065709282,3.353312716
9/1/10,0.001652398,0.002974601,0.001850777,0.002849213,5.570577981,3.564761067,2.972992416,3.805965728,3.0935691
10/1/10,0.003358355,0.001632708,0.00120021,0.001724608,4.429597307,3.022165534,2.883686995,3.09367228,2.874098054
11/1/10,0.000126855,0.001839977,0.001246488,0.001274155,2.944449129,2.693957013,2.833639085,2.348010708,2.699181707
12/1/10,0.001752154,0.001764679,0.002790666,0.002238601,1.505564374,2.368102471,2.507784575,2.022156104,2.373327165
1/1/11,-0.000636552,-0.000793354,-0.000575904,-0.000761056,0.493245335,1.548990429,1.932793631,1.732811797,1.844938457
2/1/11,-0.000801943,-0.000806384,-0.000676471,-0.000707612,-0.309839544,0.90579739,1.095147741,1.364920661,1.167866033
3/1/11,-0.000936372,-0.000775129,-0.001122492,-0.000906199,-0.208518935,-0.109166667,0.080183637,0.349956642,0.152901982
4/1/11,0.002904447,0.002488816,0.002052416,0.002546156,0.844728049,-0.119343361,-0.173682875,-0.07774968,-0.089678513
5/1/11,0.001638543,0.002219183,0.002349677,0.001986563,2.031364878,0.319717747,0.328707548,0.154424986,0.291199821
6/1/11,0.002200047,0.002035038,0.002340944,0.002210318,3.249856499,1.535438257,1.544428089,1.37014552,1.506920382
7/1/11,-7.11E-05,-8.82E-05,-0.000222031,-0.000138108,2.578539963,1.882281346,1.978927224,1.932163863,1.923777504
8/1/11,-5.51E-05,-6.71E-05,0.000153494,3.64E-05,1.957671898,1.677904383,1.705184669,1.797871317,1.721389707
9/1/11,-9.69E-05,-6.79E-05,-0.000154615,-0.000121446,1.049188697,0.749079128,0.776359384,0.869046033,0.79256441
10/1/11,0.002945259,0.003913365,0.004488571,0.003965771,1.653055774,0.619183981,0.724671437,0.871560585,0.768824818
11/1/11,0.002402289,0.003477004,0.003024237,0.002561031,2.812958631,1.042765427,1.450358674,1.549665298,1.34172406
12/1/11,0.00582035,0.003777528,0.00365509,0.004641095,4.332579646,2.561572016,2.969165324,3.068471884,2.860530602
1/1/12,0.002652073,0.003104804,0.004023067,0.00303463,5.936601434,3.639101342,3.846625137,3.89713105,3.708001205
2/1/12,0.002843145,0.002741347,0.002691239,0.003107247,6.772120068,4.447756832,4.153454956,4.298624738,4.291683355
3/1/12,0.002855723,0.002504791,0.001636637,0.002209065,7.09556944,4.072162726,3.777860788,3.92303071,3.916089356
4/1/12,0.001395787,0.001798265,0.00239822,0.001936478,5.79136087,3.568155256,3.335869638,3.392857655,3.518227161
5/1/12,0.001562232,0.001318165,0.002075447,0.001294002,4.072776162,2.834578635,2.80220847,2.824978794,2.805770209
6/1/12,0.001495397,0.001336987,-2.03E-05,0.001222936,1.721953727,2.314908647,2.282538467,2.305308711,2.286100135
7/1/12,0.000445679,0.000407685,0.000442797,0.000453389,-0.100833498,1.836062316,1.751663109,1.741561769,1.715105097
8/1/12,0.000389782,0.000494457,0.000751747,0.000454596,-1.211354123,1.371677526,1.300717743,1.083427085,1.273955232
9/1/12,0.000603784,0.000537101,0.000244699,0.000531259,-1.341570458,0.969787827,0.89882807,0.6815374,0.872065565
10/1/12,0.000225678,0.000418345,0.000163191,0.000327656,0.044852793,0.665245913,0.683770263,0.503089992,0.651156785
11/1/12,0.000406066,0.000333909,0.000386973,0.000378834,1.451908529,0.51920204,0.557133753,0.452499344,0.532067203
12/1/12,0.000523993,0.000403483,0.000605573,0.000449247,2.853131212,0.481401196,0.519332899,0.414698515,0.494266356
1/1/13,0.002242838,0.000967975,0.003691474,0.003096619,2.762671532,0.741888369,0.553394773,0.884616224,0.842424935
2/1/13,0.005108249,0.003668474,0.002367733,0.003636497,2.386902946,1.627162012,1.053471572,1.667271774,1.635040134
3/1/13,0.002466172,0.005180811,0.003758052,0.003084143,1.685851167,2.782031614,2.208341251,2.822141396,2.789909714
4/1/13,0.000852562,0.001003848,0.001169821,0.000668962,1.55747027,3.482576304,3.294709969,3.170352879,3.251896609
5/1/13,0.000756165,0.000810011,0.000905974,0.001050132,1.601947209,2.975885454,3.555341732,3.059561877,2.934679913
6/1/13,0.001064061,0.000858929,0.000596993,0.000953694,1.88189836,2.023289306,2.602745515,2.106965706,1.98208378
7/1/13,0.002596409,0.002823173,0.003097088,0.002394129,1.652290493,1.488576418,1.887942882,1.747558778,1.583197507
8/1/13,0.003205365,0.003041348,0.002915774,0.003145443,1.532069725,1.860701277,1.851780262,1.851026403,1.808534536
9/1/13,0.002676122,0.002613376,0.002465035,0.002938325,1.43300858,2.6347157,2.625794709,2.62504085,2.582548974
10/1/13,0.003988475,0.003162597,0.003316456,0.002313798,2.198945141,3.361825816,3.202488972,3.171335533,3.115830312
11/1/13,0.002940619,0.002941185,0.000713489,0.003629458,2.939760677,3.727076606,3.468316576,3.156018785,3.434272237
12/1/13,0.001750546,0.002575858,0.004649695,0.002736385,3.237665203,3.753975717,3.495215718,3.182917864,3.461171395
1/1/14,-0.001096318,-0.000782792,-0.001009747,-0.000748979,2.267302414,2.917293816,2.95080652,2.603740835,3.090411178
2/1/14,-0.001083565,-0.000843677,-0.001291412,-0.001250035,1.108853457,1.579353446,1.915104043,2.05088174,2.004516648
3/1/14,-0.001277046,-0.001830459,-0.001155769,-0.001457914,1.011982599,-0.038855585,0.296894903,0.432672678,0.386307529
4/1/14,0.004520187,0.007686237,0.00549684,0.003716594,2.451219303,-0.230225005,0.333941565,0.258835622,-0.228121628
5/1/14,0.004336338,0.004987733,0.004262265,0.004312685,4.77534771,0.837617119,1.653158005,1.092808926,0.5497442
6/1/14,0.003979165,0.000161719,0.003076585,0.004806411,6.298392315,3.009966156,3.825507092,3.265158087,2.722093317
7/1/14,0.003834303,-0.001312341,0.004280497,0.003928185,6.690686709,4.341996725,3.668841852,4.407783117,4.327244881
8/1/14,0.005522313,0.007274334,0.004183151,0.004206911,6.093242165,5.109503555,3.039535271,4.799369381,5.176597263
9/1/14,0.002724032,0.006118655,0.003617,0.003945552,5.440044878,5.008831372,2.938863146,4.698697043,5.075925009
10/1/14,0.001953817,0.002266323,0.000984012,0.001422426,4.57599831,4.748878845,4.515156588,4.32067248,4.612939324
11/1/14,0.001389382,0.000991207,0.001850906,0.002175525,3.717905657,3.779738955,4.94881963,3.642230512,3.893205255
12/1/14,0.001701387,0.001787055,0.002209668,0.001446636,3.275060508,2.841597299,4.010677881,2.704088933,2.955063613
1/1/15,0.003149119,0.002900336,0.002030924,0.002049223,3.110213467,2.313560713,2.679915959,2.345067076,2.434596144
2/1/15,0.002672395,0.00301705,0.003943236,0.003195063,3.239883805,2.50764989,2.457016722,2.5759884,2.320918681
3/1/15,0.003143034,0.003047162,0.002990389,0.003720262,2.980895397,3.030311471,2.979678304,3.098650028,2.843580263
4/1/15,0.002329347,0.004044357,0.00191196,0.00178819,2.523364915,3.284296549,3.570341086,3.46586147,3.247864512
5/1/15,0.002077841,-0.000416479,0.001508719,0.002425704,2.160099046,3.28793951,3.433087542,3.229493508,3.413629079
6/1/15,0.001767758,0.002547069,0.002754267,0.001961053,2.060338365,2.915992665,3.061140724,2.857546617,3.041682239
7/1/15,0.001239727,0.001010003,0.001606896,0.00162575,1.819697739,2.508066082,2.132077115,2.460786312,2.682881153
8/1/15,0.001347077,0.001356365,0.001192012,0.001281184,1.567894935,2.081978042,1.897196712,2.346400575,2.274058658
9/1/15,0.001407658,0.001628094,0.001195554,0.001087529,1.080820556,1.791246748,1.606465438,2.055669297,1.983327396
10/1/15,0.000724485,0.000921584,0.000470545,0.000721266,0.685595479,1.577099188,1.708525567,1.654099832,1.593656938
11/1/15,0.000491668,0.000547326,0.000738488,0.000582665,0.282301326,1.346332324,1.466334503,1.234288095,1.263453338
12/1/15,0.000626939,0.000374182,0.000634058,0.000539161,0.535867234,1.059482968,1.179485136,0.947438704,0.976603953
1/1/16,0.001870605,0.001708561,0.002313868,0.001961394,1.446868552,0.994148548,1.009355291,1.057879099,0.975702885
2/1/16,0.002052504,0.002854415,0.001941687,0.001923985,2.280774829,1.250980088,1.254709247,1.389215797,1.246780306
3/1/16,0.001855358,0.00121549,0.001522912,0.001893087,2.263065972,1.775696711,1.779425881,1.913932455,1.771496945
4/1/16,0.001101117,0.000750023,0.001058807,0.001072536,1.152186886,2.044998994,2.071406991,2.025531372,2.012348637
5/1/16,0.000998106,0.001204448,0.001071328,0.000961554,0.009878858,1.96560345,1.835780622,1.860656015,1.946033454
6/1/16,0.001106873,0.001251625,0.00107596,0.001172006,-0.490337526,1.622620706,1.492797855,1.517673209,1.603050673
7/1/16,0.00279857,0.002481972,0.001401538,0.002526518,0.236552715,1.608563292,1.508546822,1.387729263,1.572446667
8/1/16,0.00177725,0.002440636,0.002790456,0.002147237,1.309781011,1.838978178,1.909116446,1.603050188,1.828257863
9/1/16,0.00249304,0.002146251,0.002876865,0.002395105,2.260438262,2.35401333,2.424151575,2.118085371,2.343293
10/1/16,0.001726693,0.001788807,0.000857801,0.001578565,2.234540079,2.499804677,2.615838203,2.514924792,2.538070114
11/1/16,0.00175779,0.002110398,0.002677108,0.001682949,2.006485117,2.539115492,2.598668045,2.667434172,2.512851186
12/1/16,0.002043202,0.00162848,0.001992776,0.002266172,1.744639562,2.333625623,2.393178223,2.461944257,2.307361332
1/1/17,0.001678145,0.001224876,0.001793608,0.001377502,2.255954982,2.264579432,2.204919529,2.453726825,2.201456798
2/1/17,0.001852943,0.001357356,0.001431793,0.001586936,2.898577961,2.210814987,1.960286871,2.294580359,2.14465564
3/1/17,0.001325999,0.002274856,0.001631687,0.001892649,3.5578011,2.121401935,1.870873772,2.205167323,2.05524258
4/1/17,0.001692745,0.001906049,0.001998727,0.001985152,3.409177476,2.04040866,1.947474557,2.018329361,2.073657927
5/1/17,0.001782473,0.001702262,0.002082997,0.001719373,3.010618393,1.937332222,2.170468587,2.084360598,2.12253313
6/1/17,0.002107893,0.0019748,0.001501387,0.001878586,2.680923572,2.034135334,2.267271761,2.181163756,2.219336288
7/1/17,0.002431018,0.002426529,0.001941411,0.002504769,2.35845539,2.227428261,2.342649192,2.242975434,2.304401787
8/1/17,0.002697184,0.002437266,0.003777145,0.002288219,2.074487046,2.552078695,2.470039576,2.443846439,2.44765525
9/1/17,0.002726113,0.002990521,0.002135759,0.003061327,1.794972178,2.854905945,2.772866857,2.746673673,2.750482482
10/1/17,0.00334197,0.003443239,0.004476378,0.003994518,1.832697568,3.180757041,3.14185818,3.395138743,3.18266054
11/1/17,0.004200583,0.004141591,0.003704365,0.003597581,2.474992604,3.585099864,3.640092351,3.808013257,3.713573986
12/1/17,0.003664875,0.003622597,0.003026685,0.003615329,3.258045058,4.032181638,4.087173939,4.255094907,4.160655654
1/1/18,0.002037486,0.001786546,0.001564082,0.002677931,4.309004492,4.183871889,4.177801746,3.975874806,4.233559222
2/1/18,0.00334481,0.00239824,0.002687441,0.002738013,4.398805291,4.02100586,3.808739378,3.57076892,4.017272127
3/1/18,0.002718899,0.003916409,0.003849672,0.002685251,4.216298492,3.606841403,3.394575013,3.156604525,3.603107698
4/1/18,0.001339786,0.001547334,0.00210206,0.00187449,3.047232061,3.273581496,3.169408146,3.202476725,3.257362737
5/1/18,0.00247508,0.002069543,0.001614922,0.001537025,2.421936917,2.938460776,3.132861791,3.240936312,2.866095146
6/1/18,0.001479346,0.001677336,0.00157723,0.001882698,1.847797872,2.564196397,2.758597474,2.866672057,2.491830846
7/1/18,0.001741295,0.002156776,0.002864687,0.001905721,2.356812674,2.336493228,2.49748705,2.522360906,2.228856111
8/1/18,0.00233969,0.002045287,0.002828824,0.002325596,2.738205276,2.206701987,2.276968754,2.482905751,2.231155946
9/1/18,0.00213662,0.002015542,0.000524094,0.001986288,3.423127119,2.329821046,2.40008772,2.60602471,2.354274949
10/1/18,0.000475908,0.000444291,0.000606892,0.000499862,2.894274078,2.230687276,2.21361644,2.326420788,2.285782026
11/1/18,0.000485655,0.000461597,0.000628704,0.000562835,1.912867769,1.902400764,1.819220752,1.591614122,1.877111406
12/1/18,0.000453877,0.000509551,0.000179843,0.000352744,0.974986764,1.262112067,1.178932132,0.951325461,1.23682276
1/1/19,0.00204976,0.002990018,0.001921357,0.001835673,1.072834378,1.000388688,1.106405064,0.78733806,0.962090121
2/1/19,0.001918098,0.002004259,0.002367318,0.002040705,2.533158277,1.176862423,1.450724756,1.14851503,1.119441676
3/1/19,0.002255914,0.001229496,0.001935098,0.002347395,3.459172352,1.817973478,2.091835765,1.789626087,1.760552733
4/1/19,0.002811081,0.001464511,0.004226605,0.002798816,3.627487027,2.350746922,2.190115543,2.56284162,2.351974685
5/1/19,0.00297035,0.002129816,0.001803848,0.002839835,2.363111885,2.832828214,2.099448163,3.029112626,2.852898085
6/1/19,0.002535348,0.00472245,0.002286325,0.002678126,1.39232063,3.111895608,2.378515542,3.308180006,3.131965422
7/1/19,0.003456127,0.001402818,0.004366953,0.003642042,0.812235629,3.375459773,2.852758129,3.298594027,3.395043861
8/1/19,0.004598515,0.006269401,0.003609782,0.004057441,1.149985967,3.715812415,3.862204294,3.604928683,3.713918924
9/1/19,0.003577461,0.003959884,0.003655367,0.003932619,1.679394017,4.157855703,4.304247675,4.046971925,4.15596221
10/1/19,0.002481794,0.004164293,0.002374444,0.001756077,2.237001998,4.383981694,5.122713527,4.204634298,4.23411321
11/1/19,0.002352287,0.00218379,0.001785859,0.002899096,2.272089802,4.093521927,4.844486667,3.878315616,3.995470784
12/1/19,0.001961555,0.000447553,0.002635333,0.002140464,2.639428761,3.448659647,4.199624384,3.233453414,3.350608569
,,,,,,,,,
,,,,,,,,,
,,,,,,,,,
,,,,,,,,,
,,,,,,,,,
,,,,,,,,,
,,,,,,,,,
,,,,,,,,,
,,,,,,,,,
,,,,,,,,,
,,,,,,,,,
,,,,,,,,,
,,,,,,,,,
,,,,,,,,,
,,,,,,,,,
,,,,,,,,,
,,,,,,,,,
,,,,,,,,,
,,,,,,,,,
,,,,,,,,,
,,,,,,,,,
,,,,,,,,,
,,,,,,,,,
,,,,,,,,,
,,,,,,,,,
,,,,,,,,,
,,,,,,,,,
,,,,,,,,,
,,,,,,,,,
,,,,,,,,,
,,,,,,,,,
,,,,,,,,,
,,,,,,,,,
,,,,,,,,,
,,,,,,,,,
,,,,,,,,,
,,,,,,,,,
,,,,,,,,,
,,,,,,,,,
,,,,,,,,,
,,,,,,,,,
,,,,,,,,,
,,,,,,,,,
,,,,,,,,,
,,,,,,,,,
,,,,,,,,,
,,,,,,,,,
,,,,,,,,,
,,,,,,,,,
,,,,,,,,,
,,,,,,,,,
,,,,,,,,,
,,,,,,,,,
,,,,,,,,,
,,,,,,,,,
,,,,,,,,,
,,,,,,,,,
,,,,,,,,,
,,,,,,,,,
,,,,,,,,,