DATE,CPI,Unemp,Prod_Vol,Retail,Exports,Imports,Manuf,Total Reserves,Eff_Ex_Rate,Uncertainty,^GDAXI,Real GDP,price_comp
1991-01-01,63.99836,5.2,77.05526,107.9394,30180000000.0,28550000000.0,3.7283621837549905,68216.094149043,102.06,83.72122,1373.6118219549005,517733.8,98.9
1991-02-01,64.27823000000001,5.2,76.14754,106.0267,28540000000.0,26760000000.0,-1.5404364569961415,66422.2304108188,102.44,98.12363,1510.7430053710937,,99.2
1991-03-01,64.27823000000001,5.3,75.64325,107.1909,28430000000.0,27030000000.0,-0.782268578878759,59125.3020046582,100.53,105.46522,1545.8344970703124,,97.5
1991-04-01,64.55811,5.3,75.03811,105.4446,26080000000.0,26220000000.0,-0.7884362680683273,59721.9636105226,98.36,98.64008,1591.4033377511162,515466.2,95.5
1991-05-01,64.74469,5.3,73.82781,106.0267,28630000000.0,29020000000.0,-1.3245033112582718,60456.9680879592,98.19,94.92087,1633.6863114206417,,95.6
1991-06-01,65.11786,5.4,77.05526,108.1888,27400000000.0,27670000000.0,3.6241610738255,57692.8514604201,98.01,122.41663,1693.157489013672,,95.2
1991-07-01,65.8642,5.5,74.83639000000002,107.3573,28720000000.0,28400000000.0,-2.590673575129536,59482.9660894853,98.7,80.284,1624.096095872962,514515.3,96.2
1991-08-01,65.8642,5.6,73.6261,102.7835,29800000000.0,28210000000.0,-1.3297872340425467,60195.4759676449,99.02,79.84216,1624.8313709605825,,96.5
1991-09-01,65.8642,5.7,73.42439,102.6172,28260000000.0,27980000000.0,-0.9433962264151045,61226.7688098495,99.26,62.66256,1630.8995419456846,,97.1
1991-10-01,66.89041,5.8,74.53381,104.8625,28310000000.0,27530000000.0,2.1768707482993244,60359.8477842004,100.44,105.20462,1580.4222689541905,521756.9,96.9
1991-11-01,67.17029000000001,5.9,75.34068,102.4509,29860000000.0,28050000000.0,0.932090545938744,61507.3694253445,101.62,80.81589,1596.248992919922,,98.0
1991-12-01,67.26358,6.0,75.44154,101.7025,29920000000.0,26890000000.0,0.0,63000.8432819809,102.86,84.47098,1555.5811225043403,,99.0
1992-01-01,67.63675,6.0,76.34926,106.193,29090000000.0,28200000000.0,1.5831134564643867,60811.0382170055,102.71,52.97074,1647.63408314098,529126.3,98.4
1992-02-01,68.00992,6.1,77.66041,103.2825,29350000000.0,27910000000.0,1.2987012987012925,61523.4265355723,102.29,60.1513,1700.2565063476563,,98.0
1992-03-01,68.28979,6.2,75.44154,101.952,29810000000.0,27560000000.0,-2.948717948717949,61642.171467764,102.0,56.16439,1733.2536454634233,,98.0
1992-04-01,68.56966,6.3,75.34068,102.5341,30440000000.0,28760000000.0,0.0,63247.9358956798,102.06,70.48312,1733.809503173828,525907.9,98.3
1992-05-01,68.75625,6.4,74.83639000000002,101.7857,27690000000.0,27030000000.0,-0.924702774108318,62569.9163466775,102.02,91.90487,1764.5252685546875,,98.1
1992-06-01,68.94283,6.5,73.6261,101.2867,26190000000.0,25550000000.0,-1.4666666666666597,64106.3574628254,102.74,113.02247,1777.251983642578,,98.6
1992-07-01,69.12942,6.6,72.31495,102.4509,29210000000.0,28380000000.0,-1.6238159675236723,63346.5715441049,104.48,102.32051,1696.0895624575408,524518.2,100.1
1992-08-01,69.12942,6.8,72.51666,101.2867,28980000000.0,25970000000.0,0.6877579092159524,67058.8204398179,105.33,74.15049,1548.0195138113838,,101.2
1992-09-01,69.12942,6.9,71.91150999999999,102.4509,28430000000.0,26070000000.0,-1.7759562841530117,120255.287852009,106.49,179.83533,1539.6218095259233,,102.5
1992-10-01,69.12942,7.0,71.81066,101.952,28600000000.0,26310000000.0,0.1390820584144484,88400.4091976324,107.99,135.07635,1475.6581809303975,522982.2,104.6
1992-11-01,69.40929,7.1,70.70123000000001,103.532,26810000000.0,25920000000.0,-1.388888888888882,85535.581325567,106.79,113.55889,1518.6109924316406,,103.3
1992-12-01,69.50259,7.2,69.49094000000001,106.6088,27350000000.0,26900000000.0,-1.69014084507043,90967.0803003011,107.98,98.88554,1511.0125,,104.1
1993-01-01,70.71539,7.3,68.68406999999999,97.87721,25770000000.0,24230000000.0,-0.7163323782234922,86040.4086920473,109.27,182.15576,1555.7760131835937,518885.9,104.4
1993-02-01,71.27514000000001,7.4,67.6755,98.54248,28550000000.0,25280000000.0,-1.7316017316017391,77885.3854050558,110.01,120.84519,1647.3575012207032,,105.0
1993-03-01,71.46172,7.5,67.77635,100.0393,26460000000.0,23330000000.0,0.0,70271.4919281571,109.79,152.96633,1687.159126613451,,105.1
1993-04-01,71.64831,7.5,67.27206,100.1225,26330000000.0,24690000000.0,-0.7342143906020522,70045.8162192246,109.74,81.60691,1659.5900085449218,519105.3,104.9
1993-05-01,71.7416,7.6,67.27206,95.79826,26270000000.0,23620000000.0,0.0,70647.1551048569,108.71,143.73661,1621.9452611019738,,104.0
1993-06-01,71.92818,7.7,66.76778,97.79406,26320000000.0,23600000000.0,-0.8875739644970208,68187.5275022037,107.74,105.10146,1677.901901971726,,103.2
1993-07-01,72.30135,7.8,65.25491,98.54248,25930000000.0,23970000000.0,-1.7910447761194106,75133.1100951115,107.51,111.65464,1796.646356756037,522031.1,102.9
1993-08-01,72.30135,7.9,68.07893,100.5383,26760000000.0,24730000000.0,4.2553191489361675,103937.491866297,108.81,118.42284,1896.3713600852273,,104.5
1993-09-01,72.20805,8.0,67.77635,100.2056,26880000000.0,24450000000.0,-1.0204081632653013,85342.826908211,110.42,164.53683,1895.5113747336648,,106.2
1993-10-01,72.20805,8.1,67.77635,97.87721,27200000000.0,24060000000.0,0.441826215022089,77558.5740420026,110.3,108.80492,2017.2623697916667,521665.4,106.3
1993-11-01,72.30135,8.2,67.1712,98.20985,27480000000.0,25220000000.0,-0.8797653958944401,78575.6714223254,108.85,111.52359,2046.8309442429315,,104.7
1993-12-01,72.48793,8.3,67.97807,97.62774,27940000000.0,24500000000.0,1.0355029585798767,77639.8944847905,108.48,60.99567,2170.3600027901784,,104.2
1994-01-01,72.8611,8.4,67.6755,97.00809,27610000000.0,24610000000.0,-0.5856515373352665,81082.798051593,107.39,107.00526,2165.343854631697,528925.3,103.3
1994-02-01,73.42085,8.5,68.68406999999999,97.50813,27970000000.0,25200000000.0,1.914580265095736,78855.9200582107,107.52,64.06528,2123.696496582031,,103.0
1994-03-01,73.51414,8.5,68.3815,97.70815,28940000000.0,26230000000.0,-0.578034682080938,80059.1230710988,108.67,107.48511,2128.895645805027,,104.2
1994-04-01,73.60744,8.6,69.18836,96.90807,28880000000.0,25440000000.0,1.1627906976744131,80969.1768326224,107.9,81.08811,2212.9136770148025,531997.5,103.9
1994-05-01,73.79401999999999,8.5,68.88579,95.90799,30020000000.0,26820000000.0,-0.2873563218390631,82146.4016015874,108.76,72.14538,2217.5290283203126,,104.5
1994-06-01,73.88731,8.5,69.39008000000001,96.30803,30280000000.0,26150000000.0,0.4322766570605166,83891.8924962922,109.5,103.82048,2065.892851329985,,105.1
1994-07-01,74.0739,8.5,69.0875,95.60796,28460000000.0,26550000000.0,-0.2869440459110458,83097.705988985,110.74,104.21251,2094.350475492932,535069.6,106.1
1994-08-01,74.26048,8.4,69.0875,97.00809,30680000000.0,26340000000.0,0.0,84274.2783206659,111.12,87.25247,2165.2169773267665,,106.8
1994-09-01,74.0739,8.4,70.09608,97.50813,29960000000.0,27160000000.0,1.0071942446043116,85001.0159210901,110.37,59.39921,2112.4818281693892,,106.4
1994-10-01,73.98061,8.3,71.40723,97.90816,30040000000.0,26990000000.0,2.279202279202268,85073.0000445362,110.52,101.16266,2039.1290100097656,541067.7,106.6
1994-11-01,74.0739,8.3,71.81066,96.70806,30280000000.0,27460000000.0,0.4178272980501373,82746.2965647143,110.51,121.02753,2069.2195347377233,,106.5
1994-12-01,74.26048,8.2,71.81066,98.70823,31010000000.0,28560000000.0,0.0,77363.2070691661,110.69,124.67861,2063.1366606212796,,106.2
1995-01-01,74.54035999999998,8.2,70.39865,95.90799,31530000000.0,26820000000.0,-2.3578363384188363,78512.643204801,112.14,128.99573,2054.9081753817472,538891.4,107.2
1995-02-01,74.91353000000002,8.1,71.40723,99.30827,31650000000.0,28510000000.0,1.8465909090909,79391.5454811729,113.53,132.60057,2101.859521484375,,108.4
1995-03-01,74.91353000000002,8.1,70.60036,99.30827,31410000000.0,28880000000.0,-0.8368200836820197,82050.7495213172,116.97,114.96805,1995.919974949049,,111.9
1995-04-01,75.00681999999999,8.1,71.0038,97.70815,31290000000.0,27580000000.0,0.2812939521800267,81488.2068977451,116.66,89.53683,1981.188320583767,543280.4,111.7
1995-05-01,75.00681999999999,8.1,71.40723,99.50829,31740000000.0,27850000000.0,0.5610098176718221,82049.9733608172,115.01,72.16571,2071.6956961495534,,110.6
1995-06-01,75.10011,8.1,70.60036,99.30827,32619999999.999996,29260000000.0,-0.8368200836820197,82809.9703551825,114.94,82.42644,2128.52548828125,,110.4
1995-07-01,75.2867,8.2,70.39865,98.20818,30850000000.0,28170000000.0,-0.2812939521800111,83097.7069645798,115.58,64.45788,2186.1042829241073,544231.3,110.4
1995-08-01,75.2867,8.3,69.59179,98.50821,31330000000.0,27310000000.0,-1.4104372355430268,81831.6095310588,113.65,82.95829,2242.568263841712,,108.9
1995-09-01,75.2867,8.3,71.0038,97.90816,33560000000.000004,29480000000.0,2.002861230329032,83364.73571633,113.33,104.31937,2257.492385137649,,108.9
1995-10-01,75.10011,8.4,69.18836,97.50813,32150000000.0,28560000000.0,-2.6647966339410813,83684.0723244497,114.72,98.60905,2163.531935918899,544450.7,110.3
1995-11-01,75.10011,8.4,69.59179,98.30819,32150000000.0,28090000000.0,0.7204610951008608,84206.7282546665,114.36,87.03391,2200.402266068892,,109.9
1995-12-01,75.37999,8.5,69.59179,98.60822,32820000000.0,28890000000.0,0.0,85005.2171828733,113.78,83.24795,2270.3426320929275,,108.8
1996-01-01,75.56657,8.5,69.89435999999999,97.30811,33490000000.000004,30470000000.0,-0.1430615164520895,84322.6378980711,113.1,77.21708,2380.3390780362215,540610.8,108.1
1996-02-01,76.03304,8.6,69.28922,97.10809,32610000000.0,28220000000.0,-0.2865329512893968,85057.4322158612,113.29,127.78348,2433.9195498511904,,108.0
1996-03-01,76.03304,8.6,69.39008000000001,96.80807,32540000000.0,29100000000.0,0.2873563218390791,85309.7627479488,112.13,132.01682,2474.3376348586307,,107.3
1996-04-01,76.03304,8.7,69.39008000000001,98.70823,32939999999.999996,29210000000.0,-0.2865329512893968,86015.2369563925,110.61,79.61822,2521.8375244140625,548144.6,106.5
1996-05-01,76.12633000000001,8.8,69.99521999999999,97.2081,32930000000.0,28210000000.0,1.0057471264367768,84343.900843967,109.52,119.47566,2517.203015136719,,105.5
1996-06-01,76.21961999999998,8.8,70.39865,97.10809,32390000000.0,29490000000.0,0.4267425320057036,85021.8797220703,109.86,108.2983,2555.4142038445725,,105.7
1996-07-01,76.31291,8.9,69.59179,97.60813,34290000000.0,29340000000.0,-1.13314447592069,83995.0807806056,110.69,104.59108,2519.4887058423915,550046.4,106.1
1996-08-01,76.31291,9.0,70.49951,97.60813,33170000000.0,28500000000.0,1.5759312320917147,84450.4590639226,111.25,55.98728,2542.914073597301,,106.9
1996-09-01,76.31291,9.1,71.10465,98.00817,33970000000.0,29800000000.0,0.5641748942171889,84983.3818719359,110.11,88.87241,2600.6714215959823,,106.1
1996-10-01,76.31291,9.2,70.09608,97.10809,35550000000.0,30410000000.0,-1.2622720897615491,85845.7866579507,109.01,91.02712,2695.672274502841,555020.2,105.3
1996-11-01,76.21961999999998,9.3,71.10465,97.2081,34730000000.0,30090000000.0,1.4204545454545383,86349.8451096103,108.95,103.19831,2763.8114420572915,,105.1
1996-12-01,76.49949000000002,9.4,71.10465,96.60805,35380000000.0,30680000000.0,-0.1400560224089784,83177.914017474,108.24,86.6001,2851.6683349609375,,103.9
1997-01-01,77.15253,9.5,70.19694,97.00809,35150000000.0,32200000000.000004,-1.2622720897615491,81597.7859435079,107.89,119.68685,2965.627286044034,552387.4,103.8
1997-02-01,77.24583,9.5,71.20551,95.80798,36060000000.0,31830000000.0,1.5624999999999765,80603.5386045069,106.99,125.7089,3196.0460205078125,,103.0
1997-03-01,77.24583,9.6,72.01236999999999,96.008,37000000000.0,31710000000.0,0.9790209790209898,80165.2146291671,106.72,119.40225,3357.8994911595396,,103.1
1997-04-01,77.15253,9.7,71.7098,97.2081,35190000000.0,30800000000.0,-0.2770083102493213,80569.4849245819,105.86,132.73011,3337.296375621449,558604.7,102.3
1997-05-01,77.33912,9.7,70.80209,95.70798,37690000000.0,32830000000.0,-0.8333333333333139,81552.1769429796,105.71,110.46892,3580.224725020559,,102.1
1997-06-01,77.43241,9.7,73.6261,97.30811,37810000000.0,32590000000.000004,2.8011204481792733,80771.5433411671,104.7,128.70795,3727.8138253348216,,101.2
1997-07-01,78.08546,9.7,74.43296,95.50796,38720000000.0,33880000000.000004,1.498637602179829,78023.165637062,104.02,80.44064,4161.707413383152,560579.6,99.6
1997-08-01,78.17875,9.7,72.01236999999999,93.30778,38280000000.0,33520000000.000004,-3.3557046979865905,77305.0758352582,103.47,99.45233,4191.352376302083,,99.4
1997-09-01,77.99216,9.7,72.61752,95.10793,40620000000.0,34020000000.000004,1.1111111111111212,77195.2732717441,104.2,95.81828,4044.6727183948865,,100.5
1997-10-01,77.89887,9.7,73.6261,97.2081,38970000000.0,34560000000.0,1.3736263736263667,77495.8252280897,104.63,104.92588,4078.974964488637,564748.8,100.7
1997-11-01,77.89887,9.7,74.02953000000002,94.8079,39470000000.0,34200000000.000004,0.2710027100270989,77142.0353220273,105.3,85.71832,3824.8549682617186,,100.9
1997-12-01,78.08546,9.7,74.73553000000001,94.40787,40710000000.0,33500000000.0,1.3513513513513595,77586.69843298,105.78,91.41158,4133.676847759046,,100.6
1998-01-01,78.08546,9.7,75.5424,95.50796,41160000000.0,37610000000.0,0.9333333333333288,76768.5456864368,105.69,75.58884,4284.106189546131,570308.1,100.0
1998-02-01,78.27204,9.7,75.34068,96.10801,40820000000.0,35100000000.0,-0.2642007926023765,77723.9073833532,105.29,72.00928,4575.527514648437,,99.6
1998-03-01,78.17875,9.6,76.34926,98.4082,40380000000.0,34380000000.0,1.192052980132474,78076.3984960598,104.54,108.40598,4915.27685546875,,99.3
1998-04-01,78.27204,9.6,75.64325,95.30795,42260000000.0,37180000000.0,-0.7853403141361506,79329.5553085189,104.78,86.59728,5254.515478515625,567674.9,99.8
1998-05-01,78.36533,9.5,76.04668000000001,95.70798,40660000000.0,33369999999.999996,0.9234828496042315,79855.2553765128,106.02,100.44388,5403.8942228618425,,101.1
1998-06-01,78.45863,9.4,75.44154,94.50787,41110000000.0,36320000000.0,-1.1764705882353028,79778.6556348268,106.19,79.88299,5726.963525390625,,100.9
1998-07-01,78.7385,9.4,77.05526,96.80807,42000000000.0,36130000000.0,2.2486772486772524,79331.7582405018,106.61,105.26717,6003.131305197011,570308.1,100.9
1998-08-01,78.55192,9.3,75.34068,95.60796,39930000000.0,35110000000.0,-2.4579560155239206,80201.8933780203,106.97,109.72397,5388.928524925595,,101.5
1998-09-01,78.36533,9.2,74.83639000000002,95.60796,39730000000.0,34540000000.0,-0.5305039787798528,81849.1089118144,107.61,201.66937,4747.751353870739,,102.3
1998-10-01,78.27204,9.1,75.34068,96.008,40090000000.0,34680000000.0,0.6666666666666634,80882.8831337467,107.7,116.31663,4345.5332364169035,570161.8,102.7
1998-11-01,78.27204,9.1,74.3321,98.30819,40100000000.0,33080000000.0,-1.4569536423840843,84433.5882167025,106.77,133.05347,4833.552339099702,,102.0
1998-12-01,78.36533,9.0,74.63467,96.40804,39060000000.0,35260000000.0,0.537634408602133,74024.1214322423,106.88,112.01244,4770.49951171875,,101.8
1999-01-01,78.27204,8.9,75.84496,96.50804,39274900000.0,34317100000.000004,1.737967914438494,61497.7211402825,106.14,113.21342,5140.372998046875,576927.8,101.0
1999-02-01,78.36533,8.8,74.43296,97.10809,39925600000.0,35114400000.0,-1.9710906701708184,58668.6357835198,105.0,89.6721,4960.824487304688,,99.8
1999-03-01,78.36533,8.8,74.93725,98.10818,39748100000.0,35667100000.0,0.5361930294906139,61155.7102610722,103.89,92.02995,4878.616550611413,,99.2
1999-04-01,78.7385,8.7,75.44154,94.50787,41278900000.0,35955700000.0,0.6666666666666634,60534.5787433334,103.38,83.04404,5183.967016601562,576196.3,99.1
1999-05-01,78.7385,8.6,75.94582,94.8079,41312300000.0,37285100000.0,0.794701986754963,59922.0563945039,103.05,82.16537,5217.082673725329,,98.7
1999-06-01,78.83179,8.6,75.94582,95.40795,41885200000.0,36557300000.0,-0.1314060446780545,60749.5248646092,102.32,106.78118,5293.569963727678,,97.9
1999-07-01,79.20496,8.5,76.55096999999998,95.10793,43279000000.0,37499900000.0,0.9210526315789576,62418.5994262141,102.76,103.57102,5461.107288707386,583950.1,98.1
1999-08-01,79.11166999999999,8.5,77.25697,96.40804,41899500000.0,37693900000.0,0.7822685788787445,62473.1829674906,102.86,77.46382,5203.999134410511,,98.2
1999-09-01,78.92509,8.4,76.9544,93.00775,42758500000.0,37271200000.0,-0.388098318240619,61436.6366800302,101.42,81.28813,5309.290460759943,,97.3
1999-10-01,78.83179,8.4,77.76126,96.10801,42671000000.00001,37248400000.0,1.0389610389610342,60221.8369342501,101.6,89.54574,5320.763299851191,586729.8,97.6
1999-11-01,79.01838000000002,8.3,77.66041,96.30803,45236900000.0,38203500000.0,0.0,58747.6946499645,100.6,102.92409,5786.716375177557,,96.7
1999-12-01,79.29826,8.2,77.76126,96.50804,44761400000.0,39044400000.0,0.2570694087403586,61038.8027420089,99.7,65.17728,6354.989560081845,,95.8
2000-01-01,79.48484,8.2,79.15593,96.40804,44649300000.0,41040000000.0,-0.8974358974358931,59621.5155979144,100.07,51.95106,6915.297177269345,596001.0,96.0
2000-02-01,79.57813,8.1,80.89562,97.40812,46657500000.0,40347200000.0,2.4579560155239357,59560.6136359704,99.07,72.96288,7524.347516741072,,95.3
2000-03-01,79.57813,8.1,80.79897,96.50804,47725000000.0,43647900000.0,0.0,61721.3643092692,97.86,75.43955,7812.148267663043,,94.3
2000-04-01,79.57813,8.0,81.95876,97.40812,47328600000.0,41458800000.0,1.2626262626262703,57675.5047071884,96.87,72.6052,7354.530056423611,600609.2,93.4
2000-05-01,79.48484,8.0,83.89175,97.70815,49509100000.0,45452600000.0,2.743142144638404,58732.2602385796,95.73,84.04166,7180.694491299716,,92.4
2000-06-01,79.85801,8.0,81.47551999999999,96.40804,49283800000.0,43493800000.0,-2.7912621359223437,59518.5338086527,97.38,59.96897,7184.130415482955,,93.7
2000-07-01,80.23118000000001,7.9,83.50516,96.50804,49914100000.0,44884100000.0,1.9975031210986307,56584.2901953103,97.62,58.43812,7192.507626488095,600975.0,93.5
2000-08-01,80.04459,7.9,83.9884,96.90807,49593100000.0,46026800000.0,0.9791921664626768,54421.9869767668,95.98,63.55598,7221.729152513587,,92.4
2000-09-01,80.23118000000001,7.9,84.08505,95.80798,50214300000.0,45367200000.0,0.1212121212121072,57751.1116414149,94.7,70.46378,7027.639508928572,,91.6
2000-10-01,80.13789,7.8,83.7951,96.50804,54127800000.0,47725500000.0,-0.3631961259079885,55179.445970799,93.89,72.28055,6721.190476190476,598414.8,90.9
2000-11-01,80.23118000000001,7.8,84.1817,96.50804,52601600000.0,48519600000.0,0.6075334143377856,56328.9830141119,94.21,108.67674,6814.955433238636,,91.1
2000-12-01,80.88422,7.7,84.5683,97.40812,53394700000.0,49876500000.0,0.7246376811594301,56890.4794852706,96.61,99.95684,6477.845240542763,,92.4
2001-01-01,80.60434000000002,7.7,84.27835,99.70831,53260800000.0,47128900000.0,-0.479616306954434,55827.1540498273,98.2,82.90607,6560.646795099432,611307.0,93.9
2001-02-01,81.0708,7.7,85.24484,97.10809,53002200000.0,46708500000.0,1.3253012048192705,54878.8431084814,97.95,102.49367,6462.667504882813,,93.8
2001-03-01,81.0708,7.6,84.1817,98.00817,52686400000.0,44863000000.0,-1.6646848989298373,53411.4079454819,97.62,108.43224,5917.008678089489,,93.7
2001-04-01,81.44397,7.6,83.11855,97.30811,53636600000.0,47270300000.0,-1.8137847642079852,52073.3650272626,97.06,97.05659,5963.021021792763,609551.5,93.3
2001-05-01,81.72385,7.7,83.89175,97.30811,53494800000.0,45556300000.0,1.4778325123152771,51570.3580129436,96.17,75.26698,6155.762273615057,,92.6
2001-06-01,81.81714000000001,7.7,83.7951,96.80807,53454300000.0,46437800000.0,0.2427184466019271,51151.8410152156,95.56,80.02922,6025.6352306547615,,92.0
2001-07-01,81.91043,7.8,81.66882,96.90807,53785500000.0,45825000000.0,-3.0266343825665847,51803.9488892034,96.25,98.43316,5840.614013671875,609478.3,92.0
2001-08-01,81.72385,7.8,83.89175,96.80807,54198900000.0,44412000000.0,2.746566791510612,51721.1527934432,97.14,73.70343,5438.160389775815,,93.2
2001-09-01,81.72385,7.9,82.73196,96.20802,52271800000.0,44099200000.0,-1.2150668286755848,54017.853741876,97.05,215.05122,4372.371997070312,,93.1
2001-10-01,81.63055,8.0,81.18557,94.90791,52898700000.0,44220900000.0,-1.9680196801967929,55175.3641981325,96.93,204.65605,4577.537364130435,607649.5,93.0
2001-11-01,81.44397,8.0,80.41237,97.80815,50824600000.0,44140300000.0,-1.0037641154328685,54354.5462635429,96.15,165.2718,4949.808660333807,,92.5
2001-12-01,82.19031,8.1,81.28222,96.10801,54470000000.0,43122300000.0,0.6337135614702124,51403.8895539414,97.6,111.50606,5074.550608915441,,92.8
2002-01-01,82.2836,8.1,81.08892,94.30786,51746800000.0,40898400000.0,0.2518891687657279,52833.7989219066,97.3,105.63607,5151.290926846591,605071.2,92.9
2002-02-01,82.56348,8.2,81.28222,94.10784,52773600000.0,42836500000.0,0.5025125628140958,52887.1338249557,97.07,101.53128,4894.53603515625,,92.6
2002-03-01,82.75005999999999,8.2,81.76546,94.20785,53914800000.0,42618800000.0,0.2499999999999987,52015.4369000849,96.92,85.98884,5323.398486328125,,92.5
2002-04-01,82.65677,8.3,81.95876,95.30795,53949900000.0,44366100000.0,0.24937655860349,51081.5092621846,96.56,108.53879,5199.655226934524,607192.5,92.6
2002-05-01,82.75005999999999,8.4,81.28222,94.70789,51350100000.0,40841400000.0,-0.9950248756219132,50025.9012421509,97.21,99.75442,4939.6318359375,,93.1
2002-06-01,82.75005999999999,8.5,82.92525,93.70781,55880300000.0,45204600000.0,2.5125628140703538,51087.4943569158,98.24,140.04007,4427.917529296875,,93.9
2002-07-01,82.84335,8.6,81.66882,95.20793,52837200000.0,41626999999.99999,-1.7156862745097825,51969.5282017634,99.04,127.35619,4002.092157778533,611361.8,94.3
2002-08-01,82.75005999999999,8.7,83.40850999999998,94.70789,55870200000.0,44018500000.0,2.119700748129665,51395.521618462,98.43,130.79628,3687.165893554687,,93.8
2002-09-01,82.75005999999999,8.9,82.63531,95.60796,56196800000.0,43797800000.0,-1.0989010989010934,51964.6980899656,98.29,178.16191,3230.058547247024,,93.8
2002-10-01,82.65677,9.0,81.95876,95.40795,54544000000.0,43968400000.0,-1.1111111111111192,51205.1970944519,98.17,160.96028,2967.309124490489,609752.6,93.7
2002-11-01,82.37689,9.1,83.0219,94.50787,56204400000.0,44253100000.0,1.9975031210986307,51712.8881657347,98.19,155.94651,3226.876639229911,,94.0
2002-12-01,83.12323,9.2,81.66882,94.20785,55721000000.0,44706700000.0,-1.7135862913096749,51170.6391974245,99.48,138.56579,3117.7394341362847,,94.2
2003-01-01,83.12323,9.4,82.44201,93.30778,55229100000.0,45800700000.0,0.7471980074719902,51160.4475311112,100.37,157.28202,2921.7027476917615,601560.1,95.6
2003-02-01,83.58969,9.5,82.73196,93.80782,54804600000.0,44671800000.0,-0.1236093943139808,51714.2672124703,101.23,226.02687,2611.223498535156,,96.0
2003-03-01,83.68298,9.6,82.73196,93.30778,54057900000.0,45551500000.0,-0.1237623762376094,52766.069074594,101.04,251.23258,2491.0519438244046,,96.3
2003-04-01,83.40311,9.7,82.44201,93.80782,53170600000.0,44190600000.0,-0.2478314745972725,51215.0927918042,101.01,206.60022,2790.539514160156,602291.6,96.4
2003-05-01,83.21651999999999,9.7,81.95876,93.90783,54935100000.0,44213600000.0,-0.4968944099378995,52788.1254123243,102.51,143.94856,2922.9385695684523,,98.0
2003-06-01,83.4964,9.8,81.47551999999999,93.70781,54048200000.0,44456200000.0,-0.8739076154806449,51410.4653758783,103.1,100.43918,3179.5371442522323,,98.2
2003-07-01,83.68298,9.8,83.0219,93.6078,54950800000.0,43219300000.0,2.2670025188916902,50318.9667373674,102.74,94.04276,3336.310440726902,607777.6,97.5
2003-08-01,83.68298,9.8,81.37886999999998,93.30778,55536100000.0,43255200000.0,-2.3399014778325142,50975.2102198007,101.92,70.61743,3446.789039248512,,96.9
2003-09-01,83.58969,9.8,80.89562,94.00784,56158700000.0,43271100000.0,-0.1261034047919286,52117.698450502,101.44,93.32123,3506.760919744318,,96.8
2003-10-01,83.58969,9.8,83.11855,94.8079,54309300000.0,44325300000.0,2.6515151515151385,52073.9316246335,102.13,91.96793,3498.739979619565,608509.1,97.4
2003-11-01,83.40311,9.8,83.69846,93.70781,57391400000.0,46531500000.0,1.353013530135322,51477.4724669823,101.84,91.81499,3722.7705078125,,97.2
2003-12-01,84.05615,9.8,84.08505,92.80773,58346500000.0,45232100000.0,0.1213592233009702,50694.0324084991,103.88,82.6856,3866.9331311677633,,98.1
2004-01-01,84.05615,9.8,84.1817,94.30786,59011800000.0,45374100000.0,-0.4848484848484959,50970.6382064209,104.36,75.34063,4077.4900018601193,607759.4,99.0
2004-02-01,84.24274,10.1,84.375,95.00792,58889100000.0,46568800000.0,0.6090133982947595,51111.3068793237,104.23,76.99823,4064.2935180664062,,98.8
2004-03-01,84.52261,10.3,83.69846,95.40795,58836300000.0,45147600000.0,-0.9685230024213164,50669.9752535317,103.42,125.02164,3921.3834706182065,,98.4
2004-04-01,84.80248,10.3,84.9549,96.20802,60976700000.0,46974700000.0,1.5892420537897372,50528.6798459752,102.48,109.83803,4036.81201171875,611197.2,98.0
2004-05-01,84.98907,10.3,85.63145,93.80782,62738300000.0,47558400000.0,1.0830324909747373,49765.8876224885,102.85,114.84983,3869.154308500744,,98.1
2004-06-01,84.98907,10.3,84.9549,95.20793,59080100000.0,46267200000.0,-0.7142857142857107,50084.5920700488,102.76,99.8453,3986.43955300071,,97.8
2004-07-01,85.17565,10.3,86.11469,95.20793,61014800000.0,48774100000.0,1.1990407673860983,48582.8532104124,103.36,115.92539,3883.558638139205,609222.3,98.1
2004-08-01,85.26894,10.4,85.24484,94.70789,60369100000.0,47564500000.0,-0.9478672985782206,48415.1038706843,103.21,77.3424,3760.090909090909,,98.2
2004-09-01,85.08236,10.4,85.05154,95.00792,59261600000.0,48902900000.0,-0.2392344497607512,48430.8289136819,102.9,89.59677,3909.433194247159,,98.2
2004-10-01,85.17565,10.5,86.11469,94.60789,61258400000.0,49080000000.0,1.1990407673860983,47635.2533311252,103.16,120.00147,3963.564278738839,608929.7,98.6
2004-11-01,84.98907,10.6,84.66495,95.80798,61688700000.0,50793900000.0,-1.7772511848341277,47834.4345695657,103.6,127.93832,4108.6632080078125,,98.6
2004-12-01,85.92199000000002,10.7,84.7616,95.60796,60363100000.0,48464400000.0,-0.1206272617611707,48822.6524405447,105.54,83.33497,4216.389043898809,,99.7
2005-01-01,85.26894,10.7,86.59794000000002,97.60813,63634700000.0,49203200000.0,3.0193236714975837,49100.5147608339,104.38,58.94662,4246.440011160715,610063.3,99.4
2005-02-01,85.64211,10.9,85.63145,96.40804,60472100000.0,47472900000.0,-1.7584994138335333,48315.9764626823,104.07,74.97708,4344.7440185546875,,99.1
2005-03-01,86.01528,10.9,86.59794000000002,96.50804,61773400000.0,47852900000.0,1.193317422434375,48501.6243310369,104.33,81.45479,4357.401460193452,,99.4
2005-04-01,85.8287,11.2,87.17783,96.008,62011800000.0,50298700000.0,0.9433962264150898,48224.1694265052,103.14,89.07868,4293.8076171875,613428.1,99.0
2005-05-01,86.01528,11.2,86.21134,95.80798,64073200000.0,52045300000.0,-1.401869158878485,48274.95336217,102.72,99.44091,4329.549138849432,,98.6
2005-06-01,86.10857,11.2,87.95103,96.40804,63808700000.0,50160200000.0,2.251184834123212,47011.0364321597,101.66,99.41497,4569.209938742898,,97.7
2005-07-01,86.48174,11.2,89.11081999999999,96.40804,64819599999.99999,51845800000.0,1.390498261877166,46288.5889122354,102.4,85.08384,4726.5790783110115,618475.5,98.0
2005-08-01,86.57504,11.2,86.79124,96.80807,65812299999.99999,52488600000.0,-2.7428571428571424,45402.723871838,102.57,82.83349,4886.299167798913,,98.3
2005-09-01,86.66833000000001,11.1,88.82088,96.30803,66179500000.00001,53221900000.0,2.7027027027027155,47566.8400831268,102.04,160.47384,4946.141823508523,,98.1
2005-10-01,86.76162,11.0,90.46392,96.50804,67112600000.0,55076100000.0,1.9450800915331712,47107.4975116676,101.73,71.51886,4951.816662016369,620816.2,98.0
2005-11-01,86.48174,10.9,89.59407,96.60805,66221300000.0,54467200000.0,-1.1223344556677837,45783.9438696346,101.38,95.44765,5092.508189808239,,97.8
2005-12-01,87.13479,10.7,89.59407,96.60805,67161000000.0,57056900000.0,-0.1135073779795681,45139.7288318326,102.17,61.47662,5343.13232421875,,97.9
2006-01-01,86.85491,10.6,90.56057,96.40804,69202200000.0,56435900000.0,0.5681818181818153,45131.5072115817,102.07,83.96113,5493.997691761364,627746.7,98.0
2006-02-01,87.22808,10.5,90.75387,96.70806,70480800000.0,58128900000.0,0.3389830508474558,43204.9179934089,102.02,60.63415,5762.512524414063,,98.0
2006-03-01,87.22808,10.5,89.88401999999998,96.30803,68672200000.0,57724300000.0,-0.9009009009008964,43552.2975680835,102.0,79.82994,5861.7060546875,,98.1
2006-04-01,87.50796,10.3,91.72036,96.80807,72297600000.0,60327100000.0,2.3863636363636247,41783.0294504112,102.27,89.04357,6010.006103515625,638426.2,98.4
2006-05-01,87.50796,10.2,92.59021,97.2081,69914800000.0,58109700000.0,1.4428412874583847,43159.5673215149,102.39,82.44514,5845.802268288352,,98.7
2006-06-01,87.69454,10.1,92.30025,97.50813,70418100000.0,59674200000.0,-0.6564551422319443,43125.2450164624,102.65,89.85152,5495.312278053977,,98.6
2006-07-01,88.06770999999999,10.0,93.84665,96.30803,72727500000.0,60495900000.0,1.6519823788546295,43726.3094978365,103.17,82.00437,5594.173293340774,643400.2,98.7
2006-08-01,87.88113,9.9,94.3299,97.00809,71766000000.0,59165400000.0,0.7583965330444166,43028.9420544056,102.8,58.86663,5750.306937839674,,98.6
2006-09-01,87.60125,9.8,94.03995,95.50796,77281100000.0,62965000000.0,0.0,42477.1951642024,102.41,76.82971,5901.002394903274,,98.4
2006-10-01,87.69454,9.7,93.65335,96.20802,79010500000.0,62249600000.0,-0.2150537634408709,42227.825246604,102.48,71.2218,6161.296342329545,652763.0,98.7
2006-11-01,87.69454,9.6,95.29639,96.30803,78396000000.0,62154100000.0,1.939655172413796,42356.5904278176,102.82,73.8451,6368.680886008523,,99.2
2006-12-01,88.34759,9.4,96.16624,100.7084,78468000000.0,64385900000.00001,0.845665961945051,41686.5386183393,104.09,74.91799,6492.5910002055925,,99.5
2007-01-01,88.34759,9.2,95.87629,94.60789,78553500000.0,61658700000.0,0.2096436058700083,42141.3557871108,104.06,62.33881,6692.5390625,653622.6,99.8
2007-02-01,88.72075,9.1,96.74613,96.60805,78496000000.00002,65340599999.99999,0.6276150627615148,41710.9475548071,104.34,58.51786,6913.125,,100.0
2007-03-01,88.90733,8.9,97.22938,96.50804,77623000000.0,62755500000.0,0.4158004158004022,41683.3420839211,104.41,71.11645,6705.958673650568,,100.1
2007-04-01,89.37379,8.8,96.45618,99.20827,79704100000.0,64755799999.99999,-0.8281573498964763,43391.6359262265,104.91,65.16531,7237.294767680921,657938.2,100.7
2007-05-01,89.37379,8.6,98.19588,94.30786,79169700000.0,62327600000.0,1.5657620041753575,43977.1102543188,104.74,54.99328,7581.970982142857,,100.7
2007-06-01,89.37379,8.6,98.38918,95.40795,79215400000.0,64566500000.00001,0.0,43264.6575881713,104.6,60.84606,7874.479027157739,,100.6
2007-07-01,89.84026,8.5,99.06572,95.50796,79561500000.0,62970700000.0,0.8221993833504699,43422.4902281035,105.61,47.69235,7888.85136274858,661229.7,100.9
2007-08-01,89.74696,8.4,99.25902,95.50796,81267300000.0,65765000000.0,0.1019367991845164,43738.9635752842,105.1,94.66285,7463.643469769022,,100.6
2007-09-01,89.93355,8.4,100.1289,95.70798,82522500000.0,64478899999.99999,1.2219959266802496,44556.0086991929,105.47,166.73321,7638.45,,101.2
2007-10-01,90.12013,8.3,100.3222,95.60796,81916600000.0,64618900000.0,0.0,44235.5551896919,105.81,96.88045,7950.703485903533,666130.4,101.7
2007-11-01,90.58659,8.2,100.0322,94.50787,81813200000.0,64206400000.0,-0.1006036217303929,44396.1781656648,106.67,97.73733,7715.145907315341,,102.6
2007-12-01,91.14635,8.1,100.9021,94.70789,83933600000.0,68445300000.0,1.0070493454179203,44326.5122071516,107.26,98.01473,7941.909955193015,,102.3
2008-01-01,90.86647,8.0,101.7719,95.70798,85216600000.0,67453000000.0,1.395812562313076,45760.468026282,107.06,160.25905,7323.653631036932,670190.4,102.4
2008-02-01,91.23964,7.9,101.3853,96.60805,84182500000.0,67976100000.0,-0.4916420845624577,46537.7589768209,107.04,128.78454,6886.684291294643,,102.3
2008-03-01,91.7061,7.8,101.2887,94.8079,83173500000.0,67350399999.99999,-0.494071146245035,47399.3196325663,107.96,139.87072,6499.593724300987,,103.2
2008-04-01,91.51952,7.7,101.8686,95.00792,83261200000.0,66224400000.0,0.3972194637536998,48609.6018034285,107.96,96.74758,6762.712668678977,667776.5,103.7
2008-05-01,92.07927,7.6,99.54897,94.8079,81157700000.0,66953700000.0,-2.2749752720079126,46641.6110281157,107.82,76.82344,7056.119977678572,,103.4
2008-06-01,92.26585,7.4,100.6121,94.20785,83939200000.0,66272600000.0,1.0121457489878605,47753.7384551662,107.79,106.42784,6716.835704985119,,103.4
2008-07-01,92.82561,7.3,99.06572,94.20785,82136400000.0,70092700000.0,-1.6032064128256436,46230.8968514494,108.64,87.93302,6341.48826002038,664119.1,103.6
2008-08-01,92.54573,7.1,100.6121,95.10793,83383700000.0,69311900000.0,2.138492871690417,45312.6994818075,107.27,92.29638,6421.488095238095,,102.7
2008-09-01,92.45244,7.0,98.67912,96.60805,81946600000.0,68748200000.0,-2.3928215353938067,44522.2999204727,106.36,156.0435,6135.594082919034,,101.8
2008-10-01,92.26585,7.0,96.64948,95.30795,82441400000.0,67339800000.0,-2.1450459652706964,44343.39250664,104.58,216.59178,4946.951299252717,653878.2,100.0
2008-11-01,91.79939,7.0,92.3969,96.10801,74959200000.0,64469600000.0,-4.175365344467632,43884.5548674205,104.23,156.77446,4691.992504882813,,99.9
2008-12-01,92.17256,7.0,89.01418000000001,95.90799,72153700000.0,61743700000.0,-4.0305010893246225,43137.1956621989,106.92,136.78456,4657.875282689145,,101.9
2009-01-01,91.7061,7.1,82.82861,93.00775,67486500000.00001,58739300000.0,-7.7185017026106815,40153.2943804642,106.25,159.99384,4534.168131510417,623138.5,101.5
2009-02-01,92.26585,7.1,80.12241999999999,92.60772,64840300000.0,56604600000.0,-3.0750307503074885,39972.2783334439,105.82,139.69696,4265.007507324219,,100.6
2009-03-01,92.07927,7.2,80.21907,92.70773,64601500000.0,55569700000.0,0.2538071065989834,42701.8120542592,106.74,133.46071,3969.1509121981535,,101.6
2009-04-01,92.17256,7.3,77.80283,94.70789,63891000000.00001,54433100000.0,-2.7848101265822782,42614.5449303448,106.12,119.99919,4519.140454101563,624820.9,101.4
2009-05-01,92.07927,7.3,81.18557,92.20769,62971200000.0,51759900000.0,4.427083333333339,44731.362160474,106.17,122.96011,4886.3625,,101.6
2009-06-01,92.35915,7.4,82.53866,90.70756,64699100000.0,52528800000.0,0.872817955112215,44851.0134917763,106.9,113.23892,4930.824529474432,,101.9
2009-07-01,92.35915,7.4,81.57217,92.50771,67304500000.00001,53721600000.0,-1.1124845488257051,45729.8919713814,107.33,95.94823,4949.607358186141,628551.4,101.9
2009-08-01,92.54573,7.4,82.73196,91.60764,66701200000.0,55081500000.0,1.3749999999999791,60384.8386655015,107.28,91.37744,5395.204287574405,,102.1
2009-09-01,92.26585,7.3,86.01804,92.60772,67286600000.00001,57442600000.0,4.4389642416769615,61328.474101552,107.25,104.3236,5583.973166725852,,102.3
2009-10-01,92.26585,7.2,84.375,92.90775,67319700000.0,55958000000.0,-2.125147579693037,62551.2015581121,107.63,105.04014,5680.036865234375,633452.2,102.9
2009-11-01,92.17256,7.1,84.85825,93.30778,69450300000.0,53913100000.0,0.9650180940892594,61113.0406350169,107.29,133.00749,5642.160016741072,,102.5
2009-12-01,92.91889,7.1,85.24484,93.90783,71108700000.0,56313900000.0,0.1194743130226863,59925.3146065488,107.6,115.26261,5836.550463867187,,102.4
2010-01-01,92.35915,7.0,86.40464,90.90758,69205700000.0,58778500000.0,0.9546539379475028,60122.6913092734,106.04,142.00355,5863.22099609375,638005.2,101.4
2010-02-01,92.73232,7.0,85.53479,93.40778,71050200000.0,58296500000.0,-0.9456264775413796,60892.5292754804,104.89,136.73906,5586.021997070313,,100.1
2010-03-01,93.19877,6.9,87.56443,93.90783,76034900000.0,63828300000.0,3.2219570405728035,60205.0786795996,104.67,137.8383,5965.046959918478,,100.1
2010-04-01,93.29206,6.8,89.30412,93.6078,74652500000.0,62268800000.0,1.8497109826589635,60374.9017551991,103.67,152.78447,6215.292016601563,651903.5,99.8
2010-05-01,93.19877,6.7,92.20361,94.10784,78715700000.0,67687299999.99999,3.064699205448352,60868.524386532,101.91,203.30524,5966.352887834822,,98.1
2010-06-01,93.19877,6.5,91.23711,94.60789,79827600000.0,68538399999.99999,-0.2202643171806278,61245.9456695554,100.91,171.40265,6080.795920632102,,97.2
2010-07-01,93.38535,6.4,91.23711,95.30795,79821600000.0,68189200000.0,-0.5518763796909466,61964.8440316701,101.98,186.55523,6061.310458096591,658194.3,97.8
2010-08-01,93.47865,6.4,92.3969,94.50787,79570700000.0,67928500000.0,1.6648168701442885,61914.3665411216,101.74,172.81606,6122.403653231534,,97.6
2010-09-01,93.38535,6.3,93.5567,94.10784,81373500000.0,67554599999.99999,1.4192139737991318,62376.0177018717,101.58,161.69015,6214.873646129261,,97.6
2010-10-01,93.47865,6.3,95.58634,94.10784,82340000000.0,67943799999.99999,2.045209903121626,62320.0087016703,103.09,186.14112,6436.313244047619,662510.1,99.1
2010-11-01,93.57194,6.2,95.00645,94.10784,82289100000.0,69964800000.0,-0.5274261603375501,61268.3116987628,102.52,172.68817,6744.414528586648,,98.7
2010-12-01,94.13169,6.1,96.84278,93.80782,83036400000.0,69544100000.0,1.484623541887609,62294.943889943,101.7,183.07599,6991.864327566965,,97.6
2011-01-01,93.94511,6.0,96.16624,94.00784,84150200000.0,72128300000.0,-0.1044932079414948,62894.3374195627,101.25,143.03174,7039.681408110119,674487.6,97.7
2011-02-01,94.50486,5.9,97.13273,96.10801,85484900000.0,73944900000.0,1.0460251046025053,62996.3253098152,102.04,122.44579,7294.155493164062,,97.9
2011-03-01,95.06461,5.7,97.51933,93.6078,87972000000.00002,73929900000.0,0.6211180124223687,64757.2399341477,102.67,154.40152,6952.815641983696,,98.7
2011-04-01,95.06461,5.6,97.71263,95.20793,86414400000.0,75298000000.0,0.5144032921810788,66407.2870122252,103.09,145.50861,7227.048982319079,676316.3,99.6
2011-05-01,95.06461,5.6,98.67912,92.50771,87017900000.0,74183300000.0,1.2282497441146305,66204.664364655,102.35,134.21508,7330.603182705966,,99.1
2011-06-01,95.15791,5.5,97.13273,95.20793,87541300000.0,75844200000.0,-1.4155712841253831,66004.5859282198,102.49,168.29589,7158.676824396307,,98.9
2011-07-01,95.34449,5.5,100.2255,95.50796,86615900000.0,76322900000.0,2.974358974358972,66877.4156069851,102.14,183.40234,7292.776227678572,679973.6,98.6
2011-08-01,95.43778,5.4,99.45232,95.50796,88729000000.0,75606000000.00002,-0.6972111553784825,67211.3288149075,101.84,230.29894,5923.825641134511,,98.0
2011-09-01,95.62437,5.4,97.90593,95.10793,89738600000.0,75538500000.0,-1.6048144433299931,66864.7899216407,101.3,280.05813,5402.265469637784,,97.7
2011-10-01,95.62437,5.3,99.06572,95.60796,88009100000.0,76147800000.0,1.2232415902140723,67147.6737486029,101.41,241.75185,5896.5384765625,679973.7,97.8
2011-11-01,95.81095,5.2,98.38918,94.90791,88724800000.0,74298100000.0,-0.9063444108761284,66171.2613561599,101.17,304.60022,5826.460471413352,,97.4
2011-12-01,95.99754,5.2,97.32603,94.8079,86959300000.0,73832200000.0,-1.2195121951219563,66928.0708874098,100.43,228.87159,5867.767578125,,96.6
2012-01-01,95.90424,5.1,97.71263,93.50779,88482999999.99998,73073100000.0,0.4115226337448539,67227.0170723736,99.41,216.73445,6278.337735262784,681436.5,96.1
2012-02-01,96.55729,5.1,98.09923,94.50787,91484200000.0,76625700000.0,0.0,67778.3405215291,100.18,193.44436,6789.551432291667,,96.6
2012-03-01,97.11703,5.1,98.87242,95.10793,90374800000.0,76456900000.0,1.2295081967213055,67894.8363093833,100.33,177.49269,6966.535888671875,,96.9
2012-04-01,96.93046,5.1,97.42268,95.10793,88822700000.0,74038800000.0,-1.9230769230769136,68944.1661199348,99.65,216.99586,6731.917351973684,682094.9,96.6
2012-05-01,96.93046,5.1,99.06572,94.90791,92585900000.0,76732300000.0,1.9607843137254808,68288.1064173867,98.81,234.75578,6424.774569424716,,95.8
2012-06-01,96.74387,5.1,98.00258,95.70798,90862300000.0,74879100000.0,-1.315789473684204,68173.4021252705,98.37,244.50211,6184.003836495535,,95.5
2012-07-01,97.11703,5.1,98.77577,94.8079,90964700000.0,75016600000.0,1.1282051282051226,67811.4471398525,97.84,206.98157,6549.640469637784,683557.8,94.7
2012-08-01,97.4902,5.0,98.96907,94.90791,93267800000.0,75588700000.0,-0.1014198782961455,68438.7082868936,97.93,150.67718,6949.78220533288,,94.9
2012-09-01,97.5835,5.0,97.71263,95.30795,91525100000.0,75157800000.0,-1.1167512690355164,68473.4468243462,98.72,209.91195,7274.395971679687,,95.6
2012-10-01,97.5835,5.0,96.35954,95.00792,91156000000.0,76031600000.0,-1.5400410677618106,68523.4106280753,98.87,219.08266,7286.619540127841,681290.3,95.8
2012-11-01,97.67679,5.0,95.68299,94.50787,88142600000.0,72828700000.0,-0.5213764337851902,68016.2180739227,98.84,233.5614,7238.576349431818,,95.7
2012-12-01,97.95667,5.0,96.16624,94.90791,90926400000.0,74136000000.00002,0.733752620545058,67422.2502857565,99.86,215.66849,7576.161764705882,,96.4
2013-01-01,97.4902,5.1,95.29639,95.10793,90626000000.0,75106100000.0,-1.1446409989594115,68023.9379308186,100.51,239.81543,7747.565451882102,677504.7,97.4
2013-02-01,98.04996,5.1,95.97294,94.8079,89140900000.0,73034300000.0,0.6315789473684179,67076.826691005,101.37,194.1661,7666.718041992188,,97.9
2013-03-01,98.51642,5.0,97.71263,95.40795,91036400000.0,73842800000.0,1.3598326359832686,66601.314658699,100.68,245.34693,7913.877563476563,,97.3
2013-04-01,98.04996,5.0,97.61598,94.70789,90553900000.0,73443700000.0,0.3095975232198127,66844.1904872558,100.42,205.62408,7723.049944196428,685697.4,97.7
2013-05-01,98.42313,5.0,96.84278,95.50796,88750800000.0,75146400000.0,-0.7201646090535057,66169.7066377554,101.0,139.13821,8317.427756569603,,97.9
2013-06-01,98.51642,4.9,98.58247,94.70789,90979100000.0,74539300000.0,1.7616580310880972,66092.5605639963,101.5,177.53464,8089.147534179688,,98.2
2013-07-01,98.98288,4.9,97.03608,95.40795,88155700000.0,73921000000.0,-1.527494908350309,65410.3713255925,101.97,166.71268,8161.835173233696,689135.4,98.2
2013-08-01,98.98288,4.9,98.96907,95.20793,90877700000.0,75485700000.0,2.17166494312305,65862.4775834447,102.15,146.03975,8332.462357954546,,98.4
2013-09-01,98.98288,4.9,98.67912,95.80798,91577500000.0,73075100000.0,-0.6072874493926984,65669.6823657638,101.88,179.70527,8497.838588169643,,98.3
2013-10-01,98.7963,4.8,98.00258,95.30795,91866200000.0,74903000000.0,-0.6109979633401303,65488.6386606991,102.21,210.52538,8809.700417258522,689940.0,98.8
2013-11-01,98.98288,4.8,99.64562,96.40804,91660000000.0,74187800000.0,2.0491803278688536,65817.4681644145,102.36,156.70507,9170.552548363095,,98.6
2013-12-01,99.35605,4.9,99.83892,95.80798,91890200000.0,74114500000.0,0.4016064257028093,67365.1156636072,103.26,157.99862,9235.01394314236,,99.0
2014-01-01,98.7963,4.8,99.16237,95.70798,92662000000.0,76091200000.0,-0.5999999999999859,66901.6551384463,102.71,154.50244,9516.7841796875,697144.9,98.9
2014-02-01,99.26276,4.8,99.16237,96.30803,92472400000.0,76458400000.0,0.2012072434607523,65960.4073611527,102.96,148.43662,9507.993505859376,,98.8
2014-03-01,99.54263,4.8,99.45232,96.80807,90109900000.0,75525200000.0,0.2008032128514045,66792.9614090208,103.12,156.84341,9339.498604910714,,99.0
2014-04-01,99.35605,4.8,99.06572,96.30803,92048600000.0,75105700000.0,-0.300601202404808,67148.93637814,102.54,116.48549,9489.905517578123,697364.4,98.9
2014-05-01,99.26276,4.7,98.58247,95.50796,91447400000.0,73523200000.0,-0.8040201005025086,66232.1828775388,102.02,146.29191,9709.517578125,,98.5
2014-06-01,99.54263,4.7,98.67912,97.00809,92522800000.0,77244000000.0,0.0,66122.1284567961,101.78,111.7961,9927.434384300595,,98.4
2014-07-01,99.82251,4.7,100.3222,95.40795,95278200000.0,74890000000.0,2.1276595744680744,66317.5728216565,102.0,119.93393,9751.789444633152,700948.5,98.3
2014-08-01,99.82251,4.7,96.74613,97.00809,92501400000.0,75386800000.0,-3.869047619047612,66379.7187895443,101.6,133.31537,9273.08045014881,,98.0
2014-09-01,99.82251,4.7,99.16237,95.90799,95846900000.0,77044000000.0,2.2703818369452926,65108.5017719226,100.89,190.21558,9638.6767578125,,97.6
2014-10-01,99.54263,4.7,99.45232,97.00809,96243600000.0,76284900000.0,0.3027245206861964,65377.7886194547,100.38,150.03065,8971.84716796875,706141.8,97.2
2014-11-01,99.54263,4.6,99.35567,96.70806,94615400000.0,76027200000.0,0.1006036217303706,65119.1349954405,100.73,152.42489,9490.321484375,,97.2
2014-12-01,99.54263,4.6,100.9987,98.10818,97484200000.0,75510100000.0,1.7085427135678308,62265.9288479195,100.85,176.02395,9812.338918585529,,97.1
2015-01-01,98.51642,4.5,98.58247,98.50821,95858400000.0,76549900000.0,-2.667984189723318,62328.0725706691,98.32,168.98523,10138.389601934525,704551.0,95.7
2015-02-01,99.21654,4.5,99.64562,98.60822,96892200000.0,77755300000.0,0.9137055837563632,62353.1739587662,97.73,155.09365,10977.139599609374,,95.0
2015-03-01,99.71662,4.5,99.64562,98.30819,98600500000.0,79056200000.0,0.0,61241.1926608052,96.45,131.74544,11784.850452769886,,93.9
2015-04-01,100.2167,4.4,100.4188,99.00825,99532200000.0,78910600000.0,0.8048289738430431,61621.7363034204,96.26,147.32096,11956.288037109374,708866.6,93.6
2015-05-01,100.4167,4.4,100.6121,100.2084,101664400000.0,79670800000.0,0.2994011976048109,61101.6047863285,97.04,165.58477,11599.093698601971,,94.2
2015-06-01,100.4167,4.4,100.5155,99.50829,99028600000.0,78586400000.0,-0.2985074626865876,60931.8914337322,97.39,193.94799,11236.29580965909,,94.4
2015-07-01,100.6168,4.3,101.9652,100.9084,101887600000.0,80307700000.0,1.3972055888223485,59439.0133311017,97.35,184.48753,11288.050441576086,712158.2,93.7
2015-08-01,100.6168,4.3,99.45232,100.4084,97384700000.0,78550900000.0,-2.5590551181102352,59333.2238496923,98.08,143.71116,10817.977632068452,,94.4
2015-09-01,100.4167,4.3,99.64562,100.8084,99767200000.0,80101000000.0,0.1010101010101004,59346.6529220366,98.49,194.46083,9953.261896306818,,94.7
2015-10-01,100.4167,4.3,100.5155,100.8084,99081000000.0,78746900000.0,1.2108980827447076,59302.7618566813,98.24,164.83114,10222.30948153409,715449.9,94.7
2015-11-01,99.71662,4.2,99.25902,100.5084,99206300000.0,78711800000.0,-1.395812562313054,58178.9535535213,96.43,164.40215,10986.275809151786,,93.7
2015-12-01,99.71662,4.2,99.74227,103.3086,97522000000.0,76621800000.0,0.7077856420626861,58506.8105554249,97.12,147.41888,10673.0138671875,,93.9
2016-01-01,99.0165,4.2,101.2887,101.7085,97499600000.0,79483100000.0,1.6064257028112372,58455.1931298702,97.35,209.74029,9827.091943359375,722380.6,94.3
2016-02-01,99.31655,4.1,101.0954,101.2084,99241600000.0,80508900000.0,0.0,60300.1286233265,98.2,227.79281,9291.378627232143,,94.9
2016-03-01,100.0167,4.1,100.3222,100.8084,99891300000.0,77669100000.0,-0.988142292490114,60817.7003703491,97.97,227.75331,9859.880440848214,,94.8
2016-04-01,100.1167,4.0,100.9987,100.7084,100742500000.0,76834500000.0,0.6986027944111963,61775.9439281063,98.22,207.01125,10023.21665736607,724721.3,95.2
2016-05-01,100.6168,4.0,99.35567,101.2084,97452400000.0,76874900000.0,-1.7839444995044835,62231.8641392272,98.51,198.46472,10010.547665550595,,95.0
2016-06-01,100.7168,4.0,101.192,100.7084,99207900000.0,78482400000.0,2.018163471241172,61839.1052943348,98.19,433.2775,9859.148659446022,,94.8
2016-07-01,101.1169,3.9,99.93557,102.1085,97512100000.0,78433800000.0,-1.4836795252225448,62103.4753223131,98.6,424.37718,9960.52097284226,726915.7,95.0
2016-08-01,101.0168,3.9,101.482,102.4085,100323900000.0,79264100000.0,1.6064257028112372,62093.7320824871,98.64,213.36659,10530.252590013586,,95.2
2016-09-01,101.0168,3.8,101.192,101.3084,100017200000.0,79473900000.0,-0.1976284584980228,61393.746498324,98.79,232.698,10504.490900213068,,95.3
2016-10-01,101.2169,3.8,101.8686,104.6087,100791800000.0,80637900000.0,0.6930693069307116,60616.5509212355,98.74,241.63064,10624.158544921876,729841.4,95.6
2016-11-01,100.5168,3.7,101.6753,102.3085,101518500000.0,81326300000.0,-0.2949852507374833,59892.3517204724,97.78,392.83106,10595.529962713068,,95.2
2016-12-01,101.2169,3.7,99.35567,105.6088,100401000000.0,81537600000.0,-2.169625246548313,59582.0163533968,97.72,288.42847,11214.89760044643,,94.9
2017-01-01,100.6168,3.7,101.0954,103.0086,102074100000.0,83979600000.0,1.6129032258064435,59796.9494511908,97.43,320.02379,11620.112171519886,738582.4,94.8
2017-02-01,101.2169,3.7,101.8686,103.5086,103931900000.0,83844700000.0,1.0912698412698578,59513.2767933204,97.23,237.06756,11745.425,,94.7
2017-03-01,101.4169,3.7,101.3853,106.2088,105066000000.0,85245400000.0,-0.3925417075564259,59577.3191785533,97.36,267.06935,12047.632175611414,,94.8
2017-04-01,101.817,3.6,103.3183,104.6087,106053100000.0,86392800000.0,1.674876847290632,59801.3286796383,97.23,249.2189,12232.555555555557,745019.4,94.7
2017-05-01,101.817,3.6,103.6082,105.6088,107192500000.0,85917400000.0,0.0968992248061796,60001.4203040067,98.33,197.58968,12661.0458984375,,95.6
2017-06-01,102.117,3.6,103.4149,105.9088,104164700000.0,84172900000.0,-0.0968054211035599,60544.9093413588,99.14,274.39018,12710.548642113095,,96.1
2017-07-01,102.5171,3.5,103.8982,105.8088,105193400000.0,85769700000.0,0.7751937984496085,61455.6868891427,100.34,181.41523,12397.47084263393,750213.0,96.7
2017-08-01,102.6171,3.5,106.3144,105.1088,107795200000.0,86034300000.0,2.2115384615384506,60551.8259536143,101.12,149.70865,12153.80519701087,,97.6
2017-09-01,102.7171,3.5,105.2513,107.2089,107972400000.0,85193200000.0,-0.8466603951081803,61077.0062517589,101.11,205.76641,12479.53380766369,,97.6
2017-10-01,102.5171,3.5,103.7049,105.6088,104702000000.0,85338100000.0,-1.6129032258064435,62236.3385246055,100.81,227.23362,13012.0775390625,757381.6,97.3
2017-11-01,102.117,3.4,107.3776,106.5089,109857400000.0,88075800000.0,3.664416586306636,62006.3716849888,100.33,229.71336,13159.374556107954,,97.6
2017-12-01,102.6171,3.4,106.6044,109.2091,111151500000.0,88966000000.00002,-0.6511627906976507,59356.901123869,100.82,173.39307,13079.901572779603,,97.8
2018-01-01,102.017,3.3,105.9278,105.9088,110256100000.0,89010900000.0,-0.5617977528089859,59714.0910120696,100.92,196.43604,13270.667302911932,753705.7,98.0
2018-02-01,102.3171,3.3,104.1881,104.9087,106383000000.0,87992800000.0,-1.9774011299435137,60132.500320777,101.11,135.16371,12459.3640625,,98.1
2018-03-01,102.9172,3.3,105.8312,106.7089,109186700000.0,87458600000.0,1.6330451488952848,60617.3944642686,101.35,175.57617,12165.93908110119,,98.3
2018-04-01,103.1172,3.3,105.1546,108.9091,110121100000.0,89627400000.0,-0.3780718336483913,59309.7808569733,101.32,150.18455,12411.59755859375,759191.7,98.4
2018-05-01,103.9173,3.2,106.701,107.0089,109927400000.0,90252600000.0,1.5180265654649092,59194.9355463726,100.95,224.51606,12911.162295386905,,97.8
2018-06-01,104.0173,3.2,106.4111,107.809,111259300000.0,91064700000.0,-0.3738317757009326,59192.3521961178,100.7,233.21189,12667.554268973214,,97.5
2018-07-01,104.4174,3.2,104.5747,107.909,109603500000.0,94033200000.0,-1.969981238273932,59399.7980238282,101.18,208.2721,12581.671830610796,753705.7,97.4
2018-08-01,104.5174,3.2,106.0245,107.409,110428900000.0,91581900000.0,1.0526315789473633,58675.1607633885,100.72,166.83116,12458.920813519022,,97.2
2018-09-01,104.7175,3.2,104.768,107.509,110092700000.0,92076600000.0,-0.7575757575757539,58255.2333373445,101.12,204.80449,12185.244970703125,,97.7
2018-10-01,104.9175,3.1,104.4781,108.309,110208300000.0,92240900000.0,-0.1908396946564875,58803.5779663809,100.63,246.06097,11659.083629261364,758460.3,97.3
2018-11-01,104.2174,3.1,102.5451,108.309,109641000000.0,91240100000.0,-1.8164435946462627,58828.1148423511,99.94,231.17001,11359.62508877841,,97.3
2018-12-01,104.2174,3.1,103.7049,108.8091,112391700000.0,92724400000.0,0.9737098344693232,59173.1006754032,100.17,275.70745,10834.544692095587,,97.1
2019-01-01,103.4172,3.1,103.4149,109.9092,112177100000.0,94192500000.0,-0.2892960462873659,59627.6833028896,99.37,247.67711,10968.887340198864,762702.7,96.7
2019-02-01,103.8173,3.0,102.8351,110.1092,110035200000.0,92558800000.0,-0.3868471953578316,59616.9923890063,99.3,230.15161,11280.836474609376,,96.6
2019-03-01,104.2174,3.0,103.8982,110.7092,111760500000.0,91996700000.0,1.0679611650485383,59300.7976369002,99.09,229.38424,11542.59193638393,,96.2
2019-04-01,105.2175,3.0,102.4485,110.9092,109005600000.0,91572000000.0,-1.3448607108549406,59812.8502653026,99.5,214.20435,12067.97802734375,763214.8,96.5
2019-05-01,105.4176,2.9,102.8351,108.509,110736900000.0,91312900000.0,0.4868549172346616,60194.8427449971,99.7,196.30671,12079.569557883522,,96.7
2019-06-01,105.7176,2.9,101.5786,112.0093,109282600000.0,92328700000.0,-1.0658914728682332,60237.1213476571,100.2,205.54046,12164.201017680922,,96.8
2019-07-01,106.2177,2.9,101.192,111.4093,110087600000.0,91118500000.0,-0.3917727717923368,60303.1581725587,100.37,229.73694,12406.857421875,765262.9,96.7
2019-08-01,106.0177,2.9,101.5786,111.2093,109768500000.0,90775000000.0,0.393313667649927,61398.428606762,100.09,277.04245,11719.74951171875,,96.4
2019-09-01,106.0177,2.9,100.6121,112.0093,111621200000.0,91856100000.0,-1.077375122428986,59559.637363136,99.66,245.14056,12285.25344122024,,96.2
2019-10-01,106.1177,3.0,100.0322,110.9092,112713600000.0,92108500000.0,-0.5940594059405911,59756.2393945535,99.52,250.56589,12538.201837713068,764970.4,96.2
2019-11-01,105.3176,3.1,100.3222,111.7093,110077999999.99998,91782700000.0,0.199203187250995,59130.9641403185,98.65,222.59568,13200.829520089286,,96.0
2019-12-01,105.8176,3.1,98.00258,112.5094,111734200000.0,91710100000.0,-2.4850894632206746,59184.5330164154,98.97,235.98632,13193.275607638889,,95.9
2020-01-01,105.2175,3.2,100.9987,112.5094,110381600000.0,93854600000.0,3.2619775739041748,60305.4741380786,98.81,199.22176,13370.52352627841,748127.8,95.8
2020-02-01,105.5338,3.3,101.5786,112.5094,113115800000.0,92339400000.0,0.7897334649555737,61316.1211374164,98.54,204.83529,13330.550537109377,,95.5
2020-03-01,105.7447,3.4,91.23711,111.7093,99595400000.0,85605200000.0,-10.577864838393724,60300.4144091954,100.08,361.36888,10034.25674715909,,96.4
2020-04-01,105.8501,3.5,71.71392,105.6088,75262200000.0,72400300000.0,-22.015334063526826,61496.7244920976,99.82,297.89851,10374.506982421875,681565.8,96.2
2020-05-01,105.8501,3.6,79.73581999999999,117.3098,82805200000.0,74567300000.0,11.938202247190995,61632.8719198894,99.88,282.24844,10993.741015625,,96.3
2020-06-01,105.9555,3.7,89.01418000000001,116.8097,92862800000.0,79380500000.0,11.668757841907151,62051.749828287,100.47,247.64984,12313.64806547619,,97.0
2020-07-01,105.1121,3.8,90.94717,116.9097,98606200000.0,81643600000.0,2.4719101123595513,62967.0785917251,99.89,248.82286,12740.95609714674,740886.4,96.1
2020-08-01,105.1121,3.9,90.85052,119.0099,101224900000.0,86129200000.0,-0.548245614035085,62487.0947153022,100.61,213.09036,12882.407645089286,,97.0
2020-09-01,105.1121,3.9,93.1701,118.2099,104328200000.0,86671400000.0,2.7563395810363818,62253.7098278525,100.61,278.59221,12960.89639559659,,96.8
2020-10-01,105.323,3.9,96.74613,121.0101,105744900000.0,87210200000.0,3.969957081545069,62392.2469214767,100.45,311.5825,12603.100896661932,749298.1,96.6
2020-11-01,105.1121,3.9,97.90593,122.2102,108019800000.0,90835200000.0,1.4447884416924597,62952.6201847824,100.15,328.15252,12960.69140625,,96.5
2020-12-01,105.2175,3.9,97.80928,116.7097,108661200000.0,90611000000.0,0.0,63969.3467486789,100.71,208.95865,13425.95009765625,,96.9
2021-01-01,106.4827,3.9,98.38918,105.5088,107924700000.0,88339800000.0,-0.1017293997965294,64765.417205294,101.57,231.37864,13823.258984375,740960.2,97.9
2021-02-01,107.1152,3.9,96.64948,108.7091,108852000000.0,91402100000.0,-1.9348268839104,64612.7378885658,101.71,185.27867,13951.163916015625,,98.1
2021-03-01,107.6424,3.9,98.19588,120.31,112669900000.0,95749800000.0,1.9730010384216128,63415.5591009804,101.53,217.46619,14508.14262058424,,97.7
2021-04-01,107.9587,3.8,98.19588,113.2094,112034800000.0,96304900000.0,-0.2036659877800509,63620.3511373048,101.51,179.65824,15236.42744140625,759831.7,97.9
2021-05-01,108.1695,3.7,96.64948,116.6097,112750500000.0,98004100000.0,-1.2244897959183727,64076.7171824193,101.71,141.38606,15305.75,,98.1
2021-06-01,108.4858,3.6,95.1031,122.6102,111529100000.0,98349700000.0,-1.2396694214875974,63708.9725301366,101.46,152.61494,15618.97403231534,,97.9
2021-07-01,109.013,3.5,96.64948,116.7097,113811500000.0,97072300000.0,1.569037656903758,63963.3499550806,101.29,197.37942,15573.488991477272,760124.3,97.8
2021-08-01,109.1184,3.4,91.81701,118.8099,111553600000.0,97845600000.0,-4.325437693099888,100572.468896683,100.86,187.20578,15816.081365411932,,97.4
2021-09-01,109.4347,3.4,92.10696,116.6097,112077500000.0,98451500000.0,-0.6458557588805135,99513.4549438966,101.04,206.72854,15584.468616832386,,97.3
2021-10-01,109.9618,3.3,95.58634,118.8099,117437900000.0,103664100000.0,3.6836403033586183,99843.0601092985,100.31,198.51042,15401.868071056548,764805.6,96.7
2021-11-01,110.1727,3.3,96.16624,121.3101,118292999999.99998,107358400000.0,0.7314524555903829,100395.477192666,99.51,246.60827,15938.779651988636,,96.1
2021-12-01,110.3835,3.2,97.22938,119.2099,121702000000.0,114241700000.0,1.0373443983402553,99169.0596135975,99.12,298.15951,15587.753348214286,,95.8
2022-01-01,110.9107,3.2,97.03608,120.51,123529200000.0,114093100000.0,0.1026694045174419,98845.3785988495,98.99,264.63419,15762.909970238095,766195.5,96.0
2022-02-01,111.7541,3.1,97.61598,120.51,124834300000.0,113135700000.0,-0.3076923076923062,100200.064112295,99.17,220.46791,15095.82490234375,,96.2
2022-03-01,113.9681,3.1,92.68686,120.9101,126345600000.0,122384900000.0,-3.703703703703708,99904.3581370371,98.92,392.01202,14012.71042798913,,96.3
2022-04-01,114.7061,3.0,94.42654,116.6097,126321100000.0,123899000000.0,1.0683760683760632,97685.419849008,98.74,334.669,14166.986996299342,766049.3,96.1
2022-05-01,115.7604,3.0,94.81314,115.6096,132298200000.0,128167399999.99998,1.1627906976744364,98228.2208069457,98.94,328.47521,13991.862260298296,,96.6
2022-06-01,115.7604,3.0,95.68299,113.4095,133303500000.0,127222200000.0,0.7314524555903829,97231.7918086464,98.27,332.62825,13601.01131924716,,95.7
2022-07-01,116.2875,3.0,95.58634,114.8096,131719500000.0,127076300000.0,-0.6224066390041578,96840.0139116463,97.2,403.90579,12981.4052734375,770584.3,94.8
2022-08-01,116.7092,3.0,94.52319,114.2095,135395700000.0,132880500000.0,0.0,95367.5235191999,96.67,327.91541,13449.552097486414,,94.5
2022-09-01,118.8178,3.1,96.45618,116.0097,139034300000.0,134443400000.0,1.356993736951977,94825.5929098419,98.16,396.80379,12692.554154829546,,95.9
2022-10-01,119.6612,3.1,95.39304,112.7094,135830000000.0,127336700000.0,-0.7209062821833013,95493.3935625728,97.97,418.61884,12673.459170386905,766634.4,96.0
2022-11-01,119.8721,3.1,96.35954,113.9095,136685399999.99998,126320300000.0,0.933609958506208,97956.7403001983,98.8,357.08668,14068.89999112216,,97.0
2022-12-01,119.3449,3.0,94.23325,112.2094,131441700000.0,120171700000.0,-2.1582733812949537,98413.6833367965,98.91,279.6471,14168.920944940475,,96.2
2023-01-01,120.5047,3.0,96.06959,112.7094,132297500000.0,119086500000.0,1.5756302521008445,99260.2017166566,100.05,281.77821,14896.36172762784,767749.9,97.5
2023-02-01,121.4535,2.9,97.90593,112.3094,132987699999.99998,116471100000.0,1.9648397104446649,97972.8947093916,100.23,272.40225,15404.176953125,,97.7
2023-03-01,122.4024,2.9,95.68299,111.5093,133834600000.0,116623600000.0,-2.129817444219068,99735.4383174292,100.73,324.77326,15262.70949388587,,98.0
2023-04-01,122.9295,2.9,95.39304,112.0093,127001700000.0,111060700000.0,0.1036269430051808,99911.8198196939,101.28,244.23158,15760.991644965276,766579.5,98.6
2023-05-01,122.8241,2.9,95.29639,113.2094,131715700000.0,117272800000.0,0.31055900621119,98767.2792467504,100.78,265.50803,15932.643243963068,,98.1
2023-06-01,123.1404,3.0,93.9433,112.8094,131965100000.0,114659600000.0,-1.0319917440660424,99753.7037651267,100.76,247.21465,16041.180042613636,,98.2
2023-07-01,123.4566,3.0,92.88016,112.8094,129773800000.0,112821900000.0,-1.355578727841518,100287.312091076,101.17,263.57203,16069.68810453869,768042.5,98.4
2023-08-01,123.8784,3.0,92.78351,111.4093,129719600000.0,109831800000.0,0.7399577167018992,99389.0042204953,101.0,287.96256,15829.473080842392,,98.3
2023-09-01,124.1946,3.1,91.72036,111.5093,127385700000.0,109410300000.0,-1.67890870933891,97780.3294169315,100.83,319.51199,15637.992001488095,,98.0
2023-10-01,124.1946,3.1,91.72036,112.6094,129294099999.99998,109404400000.0,-0.426894343649968,98396.1299760049,100.53,314.2169,15059.187721946022,765189.8,97.7
2023-11-01,123.6675,3.1,91.81701,112.0093,131554399999.99998,110884700000.0,-0.4287245444801576,100045.845527148,100.84,315.77124,15631.793146306818,,98.1
2023-12-01,123.7729,3.2,90.17397,111.7093,127508700000.0,107741700000.0,-1.50699677072121,100391.907874527,100.48,281.71082,16681.726459703947,,97.6
2024-01-01,123.9838,3.2,91.04382,111.5093,131916000000.0,108324300000.0,0.9836065573770564,99439.4356507486,100.53,323.41011,16704.547318892044,767000.1,97.8
2024-02-01,124.5109,3.3,92.10696,109.8092,132195000000.0,111113999999.99998,,100500.244733205,100.32,276.98234,17137.254743303572,,97.7
2024-03-01,125.0381,3.3,91.43041,112.3094,129947000000.0,109594900000.0,,99591.6380488528,100.7,231.31778,18000.54453125,,98.1
2024-04-01,125.6706,3.4,,,134315300000.0,112600800000.0,,98569.4875463485,100.93,268.1715,18045.728701636905,764732.6,98.3
2024-05-01,125.7761,3.4,,,128350800000.0,107154600000.0,,99230.659417219,101.1,290.83528,18577.892223011364,,98.5
2024-06-01,125.8815,3.5,,,127303100000.0,106754100000.0,,99919.1173360259,100.9,327.50626,18317.66494140625,,98.1
2024-07-01,126.3032,3.5,,,127769100000.0,110103900000.0,,99689.0336587264,101.27,361.85379,18414.577955163044,765537.2,98.4
2024-08-01,126.1978,3.5,,,129453200000.0,109219000000.0,,100316.142088083,101.01,263.42825,18165.501953125,,98.2
2024-09-01,126.1978,3.5,,,127673300000.0,110481900000.0,,101962.754210628,101.23,345.05096,18761.79334077381,,98.2
2024-10-01,126.7249,3.5,,,125488700000.0,111181100000.0,,98699.04517556,101.12,392.07715,19334.973335597828,764001.2,98.1
2024-11-01,126.4086,3.5,,,128404500000.0,108803700000.0,,99683.7478260008,100.52,479.98873,19236.87658110119,,97.4
2024-12-01,127.0412,3.5,,,128428699999.99998,108681000000.0,,96792.0038562425,100.49,484.41531,20179.55447048611,,97.2
