DATE,MLP,LSTM,XGB,ENET,ONS_raw,con_MLP,con_LSTM,con_XGB,con_ENET,log_ONS,log_MLP,log_LSTM,log_XGB,log_ENET,ONS,ann_MLP,ann_LSTM,ann_XGB,ann_ENET
1/1/97,393807.2814,393394.9159,393954.2149,393805.5661,62,62.67923785,62.56566983,62.61296209,62.67103589,,,,,,,,,,
2/1/97,395894.2093,395567.6914,396155.3503,395781.2534,62.5,63.01139791,62.91122883,62.96279871,62.98545086,0.008032172,0.005285371,0.005507944,0.005571737,0.005004368,,,,,
3/1/97,397992.1965,397525.5102,398231.0656,397150.0223,62.6,63.3453182,63.22260105,63.29270172,63.20327958,0.001598721,0.005285371,0.004937182,0.005225971,0.003452431,,,,,
4/1/97,399484.8525,399087.1904,400011.475,398079.058,63.3,63.58289262,63.47097122,63.57567041,63.35112826,0.011120051,0.00374345,0.003920806,0.004460831,0.002336525,,,,,
5/1/97,400983.1066,400537.9474,401257.0281,399341.3021,62.7,63.82135806,63.70170015,63.77363191,63.55200441,-0.009523882,0.00374345,0.003628597,0.003108956,0.003165821,,,,,
6/1/97,402486.9799,402015.0233,402728.5471,401635.2946,63,64.06071785,63.93661482,64.00750722,63.91707514,0.004773279,0.00374345,0.003680947,0.003660565,0.005728004,4.042037772,5.108908372,5.077715847,5.237952701,4.13046005
7/1/97,403633.369,403576.3392,403963.7487,403642.3131,63.4,64.24317969,64.18492708,64.20382352,64.23647624,0.006329135,0.002844215,0.003876203,0.003062389,0.004984673,1.485716197,4.57783145,4.653691098,4.514402201,4.541816765
8/1/97,404783.0234,404517.2605,405377.2053,404036.0937,63.4,64.42616122,64.33457154,64.4284707,64.29914329,0,0.002844215,0.002328744,0.003492862,0.000975092,2.540052584,4.132446071,4.306932294,4.170409987,4.906215815
9/1/97,405935.9523,405459.9514,406179.5896,405076.9689,63.6,64.60966394,64.48449743,64.55599735,64.46479034,0.003149609,0.002844215,0.002327698,0.001977396,0.002572881,2.95462534,3.772752269,3.947238354,3.810716035,4.546521934
10/1/97,407968.9584,407956.6525,408729.5815,407505.7104,64,64.93324168,64.88157368,64.96127932,64.8513053,0.006269613,0.004995695,0.00613882,0.006258367,0.00597785,4.000050623,3.819820313,3.8951737,4.063611427,3.966165259
11/1/97,410012.1461,409395.632,410672.4894,409558.2484,64.2,65.25843996,65.11042952,65.27007465,65.17795047,0.003120127,0.004995695,0.003521079,0.004742267,0.00502419,4.191642017,4.273650253,4.175400722,4.431906663,4.217785464
12/1/97,412065.5666,411582.3786,412312.8832,411193.6128,64.7,65.5852669,65.45821047,65.53079,65.43820576,0.007757991,0.004995695,0.005327187,0.003986452,0.003985045,5.214173644,5.134242042,5.035992737,5.292498539,5.078377331
1/1/98,413073.1831,412229.7685,412647.122,410441.2524,64.6,65.74564138,65.56117161,65.58391212,65.31847355,-0.001546791,0.002442297,0.001571694,0.000810315,-0.001831375,5.202454379,5.3675169,4.985952399,5.000553187,4.7653156
2/1/98,414083.2636,413479.7627,413812.9651,412240.5241,65,65.90640802,65.75997113,65.76920495,65.60481339,0.006172859,0.002442297,0.003027687,0.002821295,0.004374169,5.181749039,4.973474807,4.71114845,4.28589095,3.82570468
3/1/98,415095.814,414609.0727,415344.9493,414217.4481,64.9,66.06756778,65.939577,66.01269027,65.91942518,-0.001539646,0.002442297,0.002727511,0.003695281,0.004784097,3.306907844,3.952115769,3.689789226,3.264531807,2.804345547
4/1/98,415939.5619,415650.8164,415972.7771,402471.8133,65.5,66.20186055,66.1052563,66.11247384,64.05020047,0.009202519,0.002030595,0.002509441,0.00151044,-0.028766007,3.907495101,3.216316095,3.402413204,3.062929504,-0.767067957
5/1/98,416785.0247,416432.6857,416979.9023,409969.5319,65.2,66.3364263,66.22960508,66.2725409,65.24340299,-0.004590674,0.002030595,0.001879306,0.002418206,0.018457779,2.665913746,2.766075808,3.027705234,3.063711578,-2.373997285
6/1/98,417632.2062,417142.4908,417882.8638,416748.4732,65.3,66.47126557,66.34249273,66.41605274,66.32221777,0.001532567,0.002030595,0.001703038,0.002163138,0.016400013,3.073645795,2.6013949,2.863024357,2.899030671,-2.538678173
7/1/98,418094.1625,417770.7039,418392.1277,419133.7315,65.5,66.54479156,66.44240398,66.4969924,66.70181273,0.003058106,0.001105521,0.001504859,0.001217934,0.005707179,1.228881548,2.368264396,2.439366102,2.601998933,5.484350156
8/1/98,418556.6298,418115.8179,418703.0443,420062.1946,65.6,66.61839888,66.49729102,66.54640781,66.84957029,0.001525553,0.001105521,0.000825743,0.000742847,0.002212746,1.634751945,2.066684257,2.028350472,2.135331064,9.463559313
9/1/98,419019.6087,418528.2665,419271.0991,418132.9399,65.6,66.69208762,66.562887,66.63669139,66.54254468,0,0.001105521,0.00098596,0.001355782,-0.004603363,1.426651558,1.696654512,1.658320727,1.765301355,9.093529567
10/1/98,419945.8339,419275.1466,420316.3363,582157.535,65.9,66.83950767,66.68167108,66.80281576,92.6457595,0.004562746,0.002208018,0.001782949,0.002489884,0.33094167,2.23842474,1.596967712,1.45931396,1.603865797,47.49167371
11/1/98,420874.1065,420487.9169,421333.5399,167043.0231,66.1,66.98725359,66.87455052,66.96448462,26.58357371,0.003030305,0.002208018,0.002888365,0.002417167,-1.248489687,2.435334592,1.767623881,1.675798366,1.88905425,-78.70450206
12/1/98,421804.431,421309.8234,422057.5929,420911.8695,66.3,67.13532609,67.00526682,67.07956171,66.98478931,0.00302115,0.002208018,0.001952742,0.001717005,0.924172073,3.239406802,2.208622992,2.116797498,2.330053351,-78.26350291
1/1/99,422737.651,422258.455,423032.3421,422276.779,66.3,67.28385946,67.15613753,67.23448309,67.20200384,0,0.002210003,0.002249094,0.002306854,0.003237498,3.234494378,2.50288707,2.582870617,2.577055112,-164.8809921
2/1/99,423672.9357,423096.776,423738.8317,422307.2032,66.6,67.43272144,67.28946442,67.34676874,67.20684562,0.00451468,0.002210003,0.001983359,0.001668667,7.20E-05,3.226865015,2.650416075,2.653259974,2.501014251,81.73674073
3/1/99,424610.2897,424112.3921,424865.1357,423711.791,66.6,67.58191278,67.45098836,67.52577744,67.43037463,0,0.002210003,0.002397558,0.002654488,0.003320467,2.413595564,2.651210053,2.654053925,2.501808172,81.73753467
4/1/99,425292.0436,424843.3371,425596.2301,423759.604,66.4,67.69042223,67.56723813,67.64197365,67.43798369,-0.003007521,0.001604311,0.001721987,0.001719289,0.000112837,1.807689378,2.570980422,2.522414339,2.448664148,125.0155968
5/1/99,425974.8921,425556.7205,426445.9287,424824.9534,67,67.79910592,67.68069488,67.77702018,67.60752561,0.008995563,0.001604312,0.00167776,0.0019945,0.002510887,1.601317532,2.409727272,2.470695753,2.538764349,2.143940028
6/1/99,426658.8371,426158.5374,426914.9127,425756.0036,67.1,67.9079641,67.77640805,67.85155797,67.75569487,0.001491425,0.001604311,0.001413188,0.001099146,0.002189211,1.996622342,2.167450523,2.228419025,2.2964877,1.901663309
7/1/99,431189.3653,429820.8264,428667.587,428044.9773,67.6,68.62905299,68.35885983,68.13011859,68.1199669,0.007423939,0.010562639,0.008557009,0.004097037,0.005361857,4.183791312,3.200376365,2.967759458,2.449586083,2.775877335
8/1/99,432760.8392,431570.0863,431545.8664,430894.3554,67.9,68.87917225,68.63706274,68.58757682,68.57342286,0.004428052,0.003637885,0.004061483,0.006692037,0.006634668,5.164507756,4.585204167,4.065676142,3.185578455,3.874749948
9/1/99,433610.8756,433102.4238,433871.1244,432693.3314,68.3,69.01446594,68.88076626,68.95714081,68.85971563,0.005873732,0.001962291,0.003544323,0.005373742,0.00416629,6.530675245,6.098521522,5.578993387,4.698895911,5.388067293
10/1/99,435178.5197,434752.73,436181.4777,429558.3633,68.8,69.26397564,69.14323155,69.32433592,68.36081031,0.007293978,0.003608805,0.003803188,0.005310848,-0.007271616,6.488653288,5.490217403,5.54713162,6.05702174,4.517052278
11/1/99,438270.1986,437466.3906,438306.1785,418262.0543,69.1,69.75605409,69.57481312,69.66202443,66.56309222,0.004350986,0.007079275,0.006222449,0.004859314,-0.026649459,7.045357426,5.069622232,5.485568918,6.544446189,-1.341683734
12/1/99,439854.6877,439338.9154,440118.6846,438923.9314,69,70.00824487,69.87262014,69.95009438,69.85126627,-0.001448226,0.003608805,0.004271251,0.004126724,0.048217961,6.041492816,4.82083162,5.2367787,6.29565559,-1.590474285
1/1/00,441666.0344,442021.3318,441937.5125,442717.281,69.9,70.29654282,70.29923261,70.23916911,70.4549478,0.012959145,0.004109601,0.006087011,0.00412407,0.008605253,5.810311804,5.565991637,5.926340937,5.72678638,1.962114201
2/1/00,443484.8403,442514.25,443970.8942,441337.907,69.7,70.58602799,70.37762651,70.56234385,70.23543135,-0.002865331,0.004109601,0.001114525,0.004590509,-0.003120563,4.627230575,5.456343105,5.646717822,5.366439605,13.08977226
3/1/00,445311.1361,444788.9661,445578.4081,444368.8341,69.5,70.87670527,70.73939818,70.81783346,70.71777939,-0.002873565,0.004109601,0.005127269,0.003614225,0.006844114,4.230365236,5.193932171,5.384306718,5.104028567,12.82736134
4/1/00,446405.3447,445824.3304,446841.2141,445216.5339,69.9,71.05086193,70.90406288,71.01853705,70.8526841,0.005738897,0.002454164,0.00232506,0.002830074,0.001905832,2.115444662,4.644023454,4.315792484,4.827321966,9.554778268
5/1/00,447502.242,446561.8909,447562.1809,445274.967,70.4,71.22544652,71.02136478,71.13312363,70.86198326,0.007127614,0.002454164,0.001653008,0.001612174,0.000131238,2.295092449,4.269346288,4.000132585,4.189344674,3.578582663
6/1/00,448601.8345,448075.8061,448871.0817,447652.5692,70.6,71.4004601,71.26213839,71.34115326,71.24035982,0.002836881,0.002454164,0.003384424,0.002920243,0.005325422,3.42617831,3.60717139,3.337957597,3.527169718,2.916407671
7/1/00,449555.7932,449487.6945,449675.0262,446137.8733,70.4,71.55229428,71.48668565,71.46892789,70.99930796,-0.002836881,0.002124258,0.00314605,0.001789435,-0.003389379,4.376526833,3.121733977,3.286841325,2.898775569,2.441460716
8/1/00,450511.7805,450358.3068,450705.6963,445055.4738,71.1,71.70445134,71.62514814,71.63273704,70.82705266,0.009894074,0.002124258,0.001935026,0.00228941,-0.002429103,4.363343933,2.813034056,3.20152964,2.757790949,1.191561553
9/1/00,451469.8008,450940.4096,451740.7694,450514.4669,70.9,71.85693196,71.71772598,71.79724598,71.69580816,-0.002816903,0.002124258,0.001291698,0.002293928,0.012191255,2.834930214,2.681071588,3.06956718,2.625828487,1.059599108
10/1/00,452389.1892,451763.9432,452395.6389,451236.5723,71,72.00326385,71.84870106,71.90132742,71.81072551,0.001409444,0.002034363,0.001824593,0.001448608,0.001601563,3.016130208,2.581110685,2.651945151,2.587174381,2.299123779
11/1/00,453310.4498,452755.0665,453186.1686,452312.2969,71.3,72.14989373,72.00632966,72.02696995,71.98191856,0.00421645,0.002034363,0.002191493,0.001745905,0.002381111,2.07145247,2.513151323,2.230916439,2.385754684,4.521388975
12/1/00,454233.5866,453700.9547,454506.214,453272.4045,71.6,72.29682222,72.15676407,72.23677087,72.13471209,0.004198747,0.002034363,0.002087004,0.002908577,0.002120416,2.816032656,2.477193539,2.194958612,2.349796895,4.485431209
1/1/01,455642.6586,455229.011,455949.2269,454058.7408,71.8,72.52109324,72.39978669,72.46611556,72.25985128,0.002789402,0.003097285,0.003362322,0.003169873,0.001733295,3.178430674,2.594944634,2.540225687,2.588784645,3.801578812
2/1/01,457056.1017,456544.5948,457632.179,456324.9122,71.8,72.74605996,72.60901761,72.73359491,72.62049449,0,0.003097285,0.002885771,0.0036843,0.004978508,3.735651743,2.866404614,2.943867385,3.158692481,2.822684138
3/1/01,458473.9294,457936.3252,458749.102,457503.7747,72.2,72.97172456,72.83035893,72.91111264,72.80810112,0.00555557,0.003097285,0.003043763,0.002437683,0.002580053,3.538362611,3.291573468,3.369036186,3.583861347,3.247852963
4/1/01,459120.8046,458863.39,459412.1667,461121.8314,72.1,73.07468265,72.97779965,73.01649657,73.38388618,-0.001386002,0.001409937,0.002022394,0.001444332,0.007877149,2.600358507,3.350039582,3.410517271,3.54945609,4.474637931
5/1/01,459768.5926,459313.3912,460001.9707,454542.3069,72.1,73.17778601,73.04936799,73.11023684,72.33680699,0,0.001409937,0.000980206,0.001283,-0.014371291,2.224547787,3.041802982,3.105352774,2.936424771,2.775130264
6/1/01,460417.2945,459877.4118,460693.6337,459443.0277,72.4,73.28103485,73.13907004,73.22016604,73.11671787,0.004152255,0.001409937,0.001227211,0.00150248,0.010723953,1.480718662,2.366863647,2.430413532,2.261485456,2.100190944
7/1/01,461215.9603,460449.1492,461244.1596,461691.0782,72.4,73.40815227,73.22999936,73.30766367,73.4744773,0,0.001733154,0.001242466,0.00119428,0.004881059,1.478410244,1.959999675,1.830141055,1.783278057,0.206592479
8/1/01,462016.0116,461836.59,462187.3817,461425.0019,72.6,73.5354902,73.45065846,73.45757431,73.43213336,0.002758622,0.001733154,0.003008703,0.002042864,-0.000576474,1.843918151,1.821211048,1.754410137,1.726559229,2.732275948
9/1/01,462817.4507,462274.7536,463095.2307,461838.1051,72.5,73.66304901,73.52034415,73.60186294,73.49787547,-0.00137836,0.001733154,0.000948292,0.001962318,0.000894877,1.659119348,1.950497748,1.883696794,1.855845963,2.861562653
10/1/01,463280.4566,462781.3084,463618.1221,461828.9778,72.7,73.73674206,73.60090681,73.68496849,73.49642293,0.002754823,0.000999907,0.001095187,0.001128486,-1.98E-05,1.656830021,1.938922677,2.097336566,2.009700361,2.736885054
11/1/01,463743.9257,463217.5138,464076.7875,462782.3778,72.7,73.81050883,73.67028107,73.75786629,73.64814899,0,0.000999907,0.000942129,0.000988828,0.002062273,0.918908043,1.786485817,1.764966929,1.921701469,1.124731542
12/1/01,464207.8585,463663.531,464486.4729,463225.5707,72.6,73.88434939,73.74121581,73.82297948,73.71867963,-0.001376463,0.000999907,0.000962405,0.000882407,0.000957212,0.918654377,1.4931872,1.471668284,1.62840272,0.831432877
1/1/02,464639.5385,464124.1942,464878.2266,463712.8659,72.8,73.95305654,73.81447986,73.88524271,73.7962288,0.002751033,0.000929496,0.000993036,0.000843057,0.001051408,0.550585779,1.288266648,1.184386666,1.305819359,1.33440001
2/1/02,465071.6199,464431.0966,465350.0942,463293.2053,72.8,74.02182757,73.86328971,73.9602388,73.72944314,0,0.000929496,0.000661032,0.00101452,-0.000905411,0.550333506,1.17172416,1.135168488,1.127199678,1.089843096
3/1/02,465504.1032,464958.2558,465783.4956,464519.0725,72.9,74.09066256,73.94712931,74.02912128,73.92453018,0.001372684,0.000929496,0.001134421,0.000930911,0.002642491,0.916381135,1.143559759,1.107004116,1.099035317,1.061678686
4/1/02,466371.8164,465711.7463,466272.1753,467775.0612,73.3,74.22876973,74.06696471,74.10678941,74.442695,0.00547197,0.001862294,0.001619243,0.001048606,0.006984924,1.645725538,1.249156555,1.175954265,1.136334712,1.68182697
5/1/02,467241.1472,467116.6278,467590.7166,462618.8658,73.9,74.36713433,74.29039757,74.31635126,73.62212735,0.008152219,0.001862294,0.003012092,0.002823845,-0.011084011,3.462032483,1.488514577,1.595858826,1.411451889,1.340519691
6/1/02,467744.9836,467196.5086,468025.7211,466755.2111,72.1,74.44732606,74.30310184,74.38548854,74.28039394,-0.024658784,0.001077741,0.000170994,0.000929878,0.008901416,1.440924229,1.757026726,1.864370919,1.679964064,1.609031855
7/1/02,468678.142,468463.2869,468949.6491,471460.0498,73.4,74.5958496,74.50457072,74.53233267,75.02913174,0.017869891,0.001993028,0.002707777,0.00197215,0.010029421,0.710080634,1.918596943,2.194526498,2.044208862,1.492341429
8/1/02,469883.9103,469206.0068,469410.4616,460294.7934,73.7,74.78776236,74.62269317,74.60557173,73.25226964,0.004078864,0.002569397,0.001584183,0.000982166,-0.023967229,-1.650839567,2.0500744,2.020819523,1.921653017,1.015035263
9/1/02,471092.7808,470540.3804,471375.5279,470095.9243,73.9,74.98016886,74.83491242,74.91788879,74.81204197,0.002710029,0.002569397,0.002839861,0.004177505,0.021069629,3.108277551,2.360673235,2.331418459,2.232251902,1.325634124
10/1/02,472299.1167,471872.5252,472213.302,467807.0063,74.1,75.17217195,75.04677721,75.05104011,74.4477788,0.002702704,0.002557445,0.002827096,0.001775719,-0.004880937,4.192046878,2.729096608,2.512788708,2.393520747,-0.757747739
11/1/02,473508.5418,473290.2497,473650.2788,472332.4875,74.4,75.36466671,75.27225263,75.27942546,75.16797328,0.00404041,0.002557445,0.002999961,0.003038446,0.009627329,5.813803065,3.001646169,3.07331708,3.074517618,3.355907244
12/1/02,474721.0638,474164.4092,475005.9886,473716.5297,74.3,75.5576544,75.41127928,75.49489468,75.38823264,-0.00134499,0.002557445,0.00184528,0.002858171,0.002925944,3.245715079,3.073714849,3.145385802,3.146586263,3.427975926
1/1/03,476718.2613,474979.5957,476385.6083,425758.2295,74.6,75.87553277,75.54092684,75.71416401,67.75604912,0.004029555,0.004198272,0.00171773,0.002900216,-0.106737455,2.876832176,3.289304726,3.053630026,3.39477868,-8.092776713
2/1/03,477451.0984,475595.6862,477307.7246,277134.4532,74.9,75.99217275,75.6389101,75.8607202,44.1037526,0.004013383,0.001536074,0.001296248,0.00193378,-0.42936887,2.509472982,3.370305235,2.545942257,3.221511492,-82.62563031
3/1/03,478185.0622,477624.3457,478472.0662,477173.1982,74.7,76.10899204,75.96154884,76.04577438,75.93833405,-0.002673798,0.001536074,0.004256441,0.002436423,0.543376745,2.505608534,3.316716376,2.492353299,3.167922617,-82.67921915
4/1/03,479581.7377,479284.9404,480134.7653,482921.2171,75.4,76.33129002,76.22565042,76.31003483,76.85308571,0.009327183,0.002916528,0.00347075,0.003468994,0.011974005,3.03118092,2.873451413,2.820415634,3.040237878,-53.3237442
5/1/03,480982.4927,480684.29,481602.8161,487910.1097,75.2,76.55423728,76.44820348,76.54335893,77.64702845,-0.002656044,0.002916527,0.002915407,0.003052916,0.010277659,2.67109982,2.750429797,3.591527562,3.209060123,93.18409443
6/1/03,482387.339,481821.695,482676.8655,481366.583,75.7,76.77783572,76.62909679,76.71406256,76.60567801,0.006626929,0.002916527,0.002363425,0.002227673,-0.013502081,3.728290206,2.94765152,3.788749268,3.40628192,93.38131614
7/1/03,483859.0673,483248.0291,484101.584,481673.8507,75.9,77.01207925,76.85594148,76.94049964,76.65457723,0.002638524,0.003046282,0.002955921,0.002947355,0.00063812,3.187309083,3.333073053,3.683591261,3.458114695,76.23889188
8/1/03,485335.2858,484590.4011,486146.9136,484583.0285,76,77.24703745,77.0694328,77.26557332,77.11754983,0.001316656,0.003046282,0.002773961,0.004216101,0.006021559,4.06527827,3.551734704,3.343685825,3.51582063,-0.090549448
9/1/03,486816.0081,486245.1708,487108.1924,485785.8807,76.4,77.48271248,77.33260798,77.4183538,77.30897423,0.005249356,0.003046282,0.003408963,0.00197539,0.002479166,3.519473926,3.603636467,3.395587528,3.567722236,-0.038647726
10/1/03,488176.5646,487979.2041,488678.8298,488161.5129,76.8,77.69926167,77.60838927,77.66798245,77.68703726,0.005221944,0.002790908,0.003559827,0.003219224,0.004878368,4.209946775,3.604187852,3.596653776,3.725425104,2.090071653
11/1/03,489540.9237,488949.5774,489738.5592,488322.0274,76.6,77.91641608,77.76271778,77.83641013,77.71258189,-0.002607563,0.002790908,0.00198658,0.002166212,0.000328761,3.847497059,3.553388828,3.711595482,3.454718202,4.027231101
12/1/03,490909.0959,490333.4593,491203.7369,489870.3074,76.9,78.13417739,77.98281086,78.06927759,77.95897838,0.0039088,0.002790908,0.002826318,0.002987288,0.003165597,3.489983007,3.451239421,3.609446192,3.352568856,3.925081721
1/1/04,491561.0268,491168.4352,491925.5363,491552.5007,76.9,78.23794015,78.11560573,78.18399651,78.22668611,0,0.001327126,0.001701425,0.001468372,0.003428074,2.091753754,3.187968882,3.17898924,2.980723156,3.064193428
2/1/04,492213.8235,491663.9934,492459.4785,491363.1547,76.9,78.34184072,78.19441949,78.26885841,78.19655319,0,0.001327126,0.001008429,0.001084824,-0.000385274,1.564428862,2.763577226,2.723096223,2.738010862,2.867140354
3/1/04,492867.4871,492289.5542,493163.3036,491824.5547,77.2,78.44587927,78.2939089,78.38072057,78.26998135,0.003893581,0.001327126,0.001271525,0.001428184,0.00093858,1.213815552,2.178064449,2.13758341,2.152498095,2.281627585
4/1/04,493803.9979,493694.2717,494100.085,493462.3897,77.1,78.5949364,78.51731568,78.52960757,78.53062981,-0.001296176,0.001898324,0.002849374,0.001897734,0.003324588,1.386637912,1.863882298,1.952917347,1.857680701,1.875689224
5/1/04,494742.2883,494372.8003,495096.2668,492473.61,77.4,78.74427677,78.62522912,78.68793533,78.37327336,0.0038835,0.001898324,0.001373447,0.002014124,-0.002005769,1.729585155,1.821030766,1.947340487,1.830955043,1.348889506
6/1/04,495682.3615,495101.1277,495979.8675,494633.4727,77.6,78.8939009,78.74106257,78.82837008,78.7169984,0.002580647,0.001898324,0.001472151,0.001783114,0.004376154,1.899503773,2.049509837,2.175819502,2.05943413,1.577368572
7/1/04,496288.6708,495852.3221,496552.957,495886.667,77.6,78.99040243,78.86053279,78.91945383,78.91643434,0,0.001222434,0.001516104,0.001154802,0.002530378,2.415069448,2.1117105,2.073469369,2.13160728,1.713751065
8/1/04,496895.7217,496274.553,497401.9195,495818.4734,77.4,79.087022,78.92768456,79.05438336,78.90558187,-0.002580647,0.001222434,0.000851163,0.001708252,-0.000137528,1.550948904,2.007632737,1.852812397,2.039090835,2.315298368
9/1/04,497503.5152,496920.1458,497802.1143,496450.7727,77.7,79.18375975,79.03035987,79.11798817,79.0062073,0.003868477,0.001222434,0.001300033,0.000804247,0.001274451,1.033596907,1.737276559,1.582456231,1.768734635,2.044942164
10/1/04,498294.5238,497759.4489,498579.2195,497482.7384,78,79.30965843,79.16384294,79.2414971,79.17043646,0.003853569,0.001588693,0.001687585,0.001559855,0.002076529,0.857230625,1.605873701,1.512733466,1.651443156,1.819967573
11/1/04,499092.1058,498567.3631,499102.9407,498367.9507,78.1,79.43660335,79.2923339,79.32473452,79.31131098,0.00128123,0.001599344,0.001621786,0.001049876,0.001777802,2.057667458,1.6148443,1.615398144,1.487151119,1.601271444
12/1/04,499885.6402,499299.4776,500185.6691,498827.8571,78.1,79.56290403,79.40876965,79.49681755,79.38450144,0,0.001588693,0.001467359,0.002166999,0.000922399,2.570596696,1.762768221,1.763322097,1.635075076,1.749195386
1/1/05,501112.091,500191.1435,501082.0549,493298.125,78.8,79.75810866,79.55058052,79.63928428,78.50448838,0.00892294,0.002450458,0.001784241,0.001790502,-0.011147353,3.245632786,1.976759516,1.901269403,1.759744812,0.194448077
2/1/05,502341.5509,501708.8655,502373.3902,500133.9714,78.8,79.95379222,79.79195957,79.84452215,79.59235918,0,0.002450458,0.00302969,0.002573778,0.013762298,3.234921289,2.253977952,2.124187585,2.175385038,-0.01774366
3/1/05,503574.0272,502983.5395,503876.2702,502508.4394,78.5,80.14995587,79.9946842,80.08338182,79.97023695,-0.003814372,0.002450458,0.002537443,0.002987094,0.004736429,3.231423751,2.597263778,2.467473381,2.5186709,0.325542162
4/1/05,505047.7097,504350.2924,505341.227,502189.2226,79.5,80.38451044,80.21205307,80.31621416,79.91943614,0.012658397,0.002922173,0.002713606,0.002903156,-0.000635448,3.050071034,2.888542945,2.92178707,2.979557677,3.833599653
5/1/05,506414.6648,505179.4526,506435.1813,502308.9092,79.2,80.60207803,80.34392301,80.49008137,79.93848331,-0.003780723,0.00270293,0.001642667,0.002162444,0.000238301,2.535452626,3.100003143,3.003443797,3.182412831,3.940524712
6/1/05,507785.3196,507189.8939,508090.0907,506710.8207,79.7,80.82023448,80.66366431,80.75310376,80.63901264,0.006293287,0.00270293,0.00397176,0.003262434,0.00872518,3.877105035,3.230224268,3.133664958,3.312634003,4.070745883
7/1/05,509079.174,509064.1313,509416.0961,499279.3725,80.1,81.02616721,80.96174371,80.96385192,79.45635655,0.005006268,0.002544794,0.003688526,0.002606384,-0.014774663,3.700412717,3.247232821,3.269960033,3.254931863,0.914151037
8/1/05,510376.3252,510555.264,510586.6859,531048.4555,80.1,81.23262466,81.19889401,81.14989916,84.51215441,0,0.002544794,0.002924883,0.002295269,0.061687466,4.531913157,3.209493644,3.762153759,3.269784369,7.753977802
9/1/05,512018.6503,511418.2605,512325.9625,510935.1935,80.4,81.49402075,81.33614528,81.42633042,81.31128811,0.003738322,0.003212705,0.001688883,0.003400639,-0.038610511,3.675063741,3.206061533,3.758721641,3.266352213,7.750545666
10/1/05,513617.4301,511654.7617,513964.239,483864.2617,80.2,81.74848608,81.37375852,81.68670927,77.00316378,-0.002490661,0.003117638,0.000462335,0.003192621,-0.054438343,2.838907525,3.329325954,3.195141496,3.380654457,4.343851621
11/1/05,515221.2021,513404.3495,515145.5182,492961.9547,81,82.00374598,81.65201359,81.87445543,78.45098955,0.00992564,0.003117638,0.003413636,0.002295731,0.018627584,2.822073571,3.5500545,2.525766185,3.477308336,-12.99738215
12/1/05,516829.9819,516223.9506,517140.1816,515736.3441,81.7,82.25980293,82.10044396,82.19147649,82.0753532,0.008604847,0.003117638,0.005476944,0.003864562,0.045163674,3.79477161,3.690137561,2.66584928,3.617391255,-12.8572991
1/1/06,517683.3855,517264.5936,518111.6768,515323.6631,81.4,82.39563254,82.26594821,82.3458807,82.00967828,-0.003678729,0.001649865,0.002013846,0.001876829,-0.000800499,5.608651255,3.558138284,3.442959283,3.503870347,-0.277012877
2/1/06,518538.1983,518001.4103,518756.8614,517595.9902,81.3,82.53168644,82.3831318,82.44842287,82.37130113,-0.001229256,0.001649865,0.001423435,0.001244487,0.004399821,4.61179276,3.154056665,3.88954203,3.250121871,16.14755598
3/1/06,519394.4227,518785.3844,519706.1616,518295.3584,81.7,82.667965,82.50781532,82.59929953,82.48260005,0.004907985,0.001649865,0.001512315,0.00182828,0.001350274,2.473149336,2.56694751,3.302432851,2.663012773,15.5604468
4/1/06,520002.4314,519469.1302,520273.7348,518823.3457,81.5,82.76473701,82.6165585,82.68950656,82.56662504,-0.002450982,0.001169926,0.001317107,0.001091508,0.001018181,0.656614549,2.11154953,2.415556924,2.146633138,8.064115672
5/1/06,520611.1518,520116.0531,520940.7818,518045.1555,81.8,82.8616223,82.71944537,82.79552343,82.44278223,0.003674223,0.001169926,0.001244579,0.001281287,-0.00150104,0.981196572,1.787862709,1.770193803,1.77532604,1.67803819
6/1/06,521220.5848,520609.4053,521533.4201,520117.6565,82,82.95862101,82.79790827,82.88971416,82.77260435,0.002442004,0.001169926,0.000948093,0.001136984,0.003992637,1.469895959,1.595887043,1.578218152,1.58335045,1.486062568
7/1/06,522024.0938,521025.3441,521824.605,522368.5664,81.6,83.08650927,82.86405933,82.93599353,83.13081882,-0.004889985,0.001540404,0.000798627,0.000558169,0.004318356,1.469695224,1.517300297,1.410010506,1.424972421,1.491619653
8/1/06,522354.5028,521628.2651,522347.4476,521892.0711,81.9,83.1390979,82.95994811,83.01909131,83.05498838,0.003669729,0.000632738,0.001156513,0.001001449,-0.000912598,0.815097916,1.431080366,1.25390805,1.224376086,2.362416991
9/1/06,522685.121,522072.2241,522998.8352,521579.0936,82.2,83.19171982,83.0305555,83.12261935,83.00518048,0.003656311,0.000632738,0.00085074,0.001246262,-0.000599878,0.651205836,1.33722725,1.160054896,1.130522892,2.268563827
10/1/06,523614.7459,523112.4447,523776.3218,522378.0509,81.8,83.33968097,83.19599257,83.24618889,83.13232821,-0.004878058,0.001776976,0.001990502,0.00148549,0.001530633,0.814104492,1.225520099,1.29424898,1.231424367,1.362990886
11/1/06,524546.0241,524116.7334,524766.9462,522967.7214,82.2,83.48790528,83.355715,83.40363339,83.2261696,0.004878058,0.001776976,0.001917993,0.001889526,0.001128183,1.138713019,1.338003153,1.541715924,1.488047708,0.651063253
12/1/06,525478.9588,524862.7861,525794.3502,524367.0197,82.9,83.63639322,83.4743675,83.56692345,83.44885684,0.00847976,0.001776977,0.001422436,0.001955915,0.002672114,1.944540389,1.674676411,1.878389272,1.824721058,0.987736592
1/1/07,527086.4949,526247.8779,526150.6027,544534.5612,82.9,83.89225223,83.694653,83.62354431,86.65836129,0,0.003054513,0.002635484,0.000677322,0.037739555,3.399185309,2.150144866,2.142143583,1.929995928,6.523962704
2/1/07,528698.9488,528046.5236,528322.6405,535586.4326,83.2,84.14889395,83.98071026,83.96875631,85.23433751,0.003612286,0.003054513,0.00341204,0.00411967,-0.016569131,4.523949917,2.643386374,2.503573567,2.214213209,9.428442761
3/1/07,530316.3354,529694.4908,530634.6309,529194.1603,83.3,84.40632079,84.24280355,84.33621161,84.21705802,0.001201201,0.003054513,0.003116015,0.004366548,-0.012006885,4.035113511,3.154400938,3.014588103,2.725227853,9.939457264
4/1/07,531578.5198,530999.1271,531875.1012,530151.3517,83.5,84.60721285,84.45029339,84.53336528,84.36938745,0.002398083,0.002377232,0.00245997,0.002334983,0.001807138,3.215613668,3.404773118,3.416203135,3.565019672,0.831626451
5/1/07,532843.7083,531995.3059,533136.3153,531240.6796,83.9,84.80858305,84.60872603,84.73381586,84.54274535,0.004778982,0.002377232,0.001874288,0.002368453,0.002052641,2.720442986,3.394502957,3.413578277,3.873963277,-3.43365951
6/1/07,534111.908,533485.6127,534432.4818,532981.7014,84,85.01043252,84.84574495,84.93982159,84.81981518,0.001191185,0.002377232,0.002797437,0.00242826,0.003271916,3.194411338,3.123590437,3.142665695,3.603050646,-3.704572007
7/1/07,535399.3704,534765.224,535858.8273,533413.6463,84,85.21534787,85.0492548,85.16651727,84.88855579,0,0.002407572,0.002395714,0.002665342,0.000810103,3.028890974,2.94702755,2.886587654,3.155164529,0.682566477
8/1/07,536689.9361,535370.828,536806.5039,532875.7846,84.5,85.42075717,85.14557028,85.31713588,84.80295936,0.005934736,0.002407573,0.001131826,0.001766957,-0.001008848,2.861911673,2.864814275,2.736548215,2.860574584,2.178603568
9/1/07,537983.6127,537352.7775,538306.5104,536845.2132,84.6,85.6266616,85.46078025,85.55553884,85.43466248,0.001182732,0.002407572,0.003695177,0.002790418,0.007421462,2.695140753,2.876950627,2.748684605,2.872710911,2.190739858
10/1/07,539171.5196,538962.3965,539612.2388,538848.0315,84.3,85.81573149,85.71677463,85.76306428,85.75339513,-0.003552402,0.002205638,0.002990983,0.002422685,0.003723776,2.374460643,2.858116997,2.848757494,2.808445013,2.724303954
11/1/07,540182.3992,539904.6584,540574.3899,545269.0804,84.8,85.97662533,85.86663231,85.9159834,86.7752542,0.005913678,0.00187312,0.001746762,0.001781454,0.011845813,1.896872316,2.763977636,3.129816812,2.826311476,5.380021173
12/1/07,541195.1742,540560.573,541519.9996,540049.9788,85.2,86.13782082,85.9709492,86.06627352,85.94467553,0.004705891,0.00187312,0.001214134,0.00174774,-0.00961771,1.890165576,2.594532542,2.960371658,2.656866409,5.2105761
1/1/08,542043.981,541542.2907,542275.51,545978.7213,85.2,86.27291879,86.12708195,86.18635026,86.88818793,0,0.001567165,0.001814463,0.001394194,0.010918314,2.830765931,2.366882125,2.554688105,2.382643364,5.611912971
2/1/08,542894.1191,543074.0697,543213.4535,547103.9111,85.7,86.40822865,86.37069663,86.33542196,87.06725296,0.005851392,0.001567165,0.002824556,0.00172815,0.002058747,3.765869181,2.169697871,2.210718935,2.099380184,2.994353043
3/1/08,543745.5905,543107.9988,544071.9468,542594.9985,85,86.54375073,86.37609272,86.47186625,86.34969525,-0.008201569,0.001567165,6.25E-05,0.00157915,-0.008275567,2.510223238,2.002979794,2.044000894,1.932662037,2.827635007
4/1/08,542780.2089,541514.7904,543336.1504,549299.0943,85.6,86.39009845,86.12270829,86.35492274,87.41659898,0.007034027,-0.001777007,-0.002937813,-0.001353303,0.012279909,1.71879397,1.475502051,1.400515254,1.5367432,1.883191163
5/1/08,541816.5412,540625.4439,542132.3988,543266.3269,84.8,86.23671897,85.9812663,86.16360494,86.45653185,-0.00938974,-0.001777007,-0.001643681,-0.00221794,-0.011043419,-1.096481445,0.542928899,0.017558779,0.621786256,0.496734058
6/1/08,540854.5844,540220.3824,541179.2051,539710.1097,84.6,86.0836118,85.91684517,86.01210947,85.89058805,-0.002361276,-0.001777007,-0.000749527,-0.001759778,-0.006567511,-1.41205645,-0.794739681,-1.320109853,-0.715882385,-0.8409346
7/1/08,538096.7547,540332.1997,538504.0847,536729.0412,84.2,85.64466953,85.93462863,85.58694023,85.41617462,-0.004739345,-0.005112067,0.000206963,-0.00495539,-0.005538773,-4.235284611,-2.131193399,-1.604838134,-2.167496339,-4.735973469
8/1/08,535311.7645,538642.949,536929.2523,533510.7504,83.9,85.20140432,85.66596958,85.33664485,84.90400914,-0.003569308,-0.005189071,-0.003131216,-0.002928742,-0.006014167,-4.250304147,-3.476699477,-1.492139427,-3.187738586,-6.213490091
9/1/08,532541.1883,531916.7343,532860.8189,531414.3052,82.9,84.7604333,84.59622997,84.69002994,84.57037648,-0.011990551,-0.005189071,-0.012565956,-0.007606077,-0.003937269,-6.327932759,-4.831257881,-2.846697856,-4.542297044,-7.568048462
10/1/08,529920.0793,613295.445,526275.3765,525769.3757,82.7,84.34325178,97.53872958,83.64337519,83.67203068,-0.00241546,-0.004934042,0.142359823,-0.012435657,-0.010679285,-6.525927069,-5.717405018,14.33315487,-6.413946186,-7.232184197
11/1/08,527311.871,664213.9356,522169.8773,522165.7451,81.6,83.92812359,105.6368248,82.99086924,83.09854142,-0.01339034,-0.004934042,0.079757505,-0.007831635,-0.006877611,-8.809450026,-6.114606426,42.763175,-8.844540741,-7.682012591
12/1/08,521132.4317,520521.3569,521445.2153,520029.6904,81.3,82.94459036,82.78390503,82.87569537,82.75860524,-0.003683245,-0.011787962,-0.243773371,-0.001388754,-0.00409915,-8.701428841,-6.936718149,41.94106373,-9.666652171,-8.50412419
1/1/09,517574.0702,534604.4062,518089.3307,517527.3418,80.5,82.37823368,85.02367828,82.34232914,82.36037629,-0.009888832,-0.006851551,0.026696127,-0.006456536,-0.004823549,-9.899708626,-8.038234332,6.743411663,-8.69417859,-7.86006926
2/1/09,514040.0058,513767.4814,515050.0191,513142.6898,80.5,81.81574417,81.70976622,81.85927731,81.66259366,0,-0.006851551,-0.039756253,-0.00588366,-0.008508404,-8.003138765,-9.429422208,-55.44123755,-6.808256007,-7.318327662
3/1/09,510530.0724,509931.4291,510836.4915,509449.7657,79.7,81.2570954,81.09967908,81.18960192,81.07489404,-0.009987599,-0.006851551,-0.007494528,-0.008214459,-0.007222702,-8.054790121,-9.282569782,-55.29438567,-6.661403989,-7.171475475
4/1/09,509982.8728,509292.6976,510400.3653,508596.3144,80.4,81.17000192,80.99809498,81.12028637,80.93907403,0.00874459,-0.001072401,-0.001253368,-0.000854114,-0.001676646,-4.625535539,-8.109496141,-43.45230703,-6.564778394,-7.385801166
5/1/09,509436.2598,508800.4819,509908.6935,507483.6147,79.5,81.08300178,80.91981281,81.0421427,80.76199668,-0.011257155,-0.001072401,-0.000966937,-0.00096377,-0.002190182,-4.482613568,-5.910201323,-10.50315175,-6.071897475,-6.540258206
6/1/09,508890.2327,508293.5124,509195.6676,507813.396,79.7,80.99609489,80.83918421,80.9288182,80.81447877,0.002512564,-0.001072401,-0.000996898,-0.001399319,0.000649625,-1.832422801,-3.598541281,-8.191491506,-3.760237192,-4.228598028
7/1/09,508964.1697,508412.6327,509293.7551,507875.3159,80.2,81.00786288,80.85812914,80.9444077,80.82433283,0.006253929,0.00014528,0.000234326,0.000192614,0.000121927,-1.998776544,-1.8950771,-1.954872659,-2.056002915,-2.096715134
8/1/09,509205.9245,508548.9248,509480.7899,508008.2651,79.8,81.0463411,80.87980508,80.974134,80.84549065,-0.00500001,0.000474881,0.000268038,0.000367176,0.000261741,0.170109531,-0.755861989,-0.725499463,-0.830294414,-0.480338634
9/1/09,509279.9074,508682.7302,509585.5763,508202.2462,79.9,81.05811638,80.90108555,80.99078819,80.8763612,0.001252348,0.00014528,0.000263078,0.000205652,0.000381773,0.504278461,-0.224842733,-0.194480226,-0.299275129,0.050680633
10/1/09,509777.2837,509390.2676,510161.7272,508898.0897,80.1,81.13727989,81.01361256,81.08235851,80.98709918,0.002500001,0.00097615,0.001389954,0.001129988,0.001368289,0.670011863,0.25460165,0.292263593,0.217163694,0.508071784
11/1/09,510275.1456,509773.9931,510734.6859,509264.2072,80.1,81.2165207,81.07464039,81.17342148,81.04536387,0,0.00097615,0.00075302,0.001122462,0.000719173,0.66812744,0.594577633,0.679008426,0.656847807,0.699530725
12/1/09,510773.4938,510174.5653,511080.0591,509692.6721,80.5,81.2958389,81.13834754,81.22831324,81.11355067,0.00498133,0.00097615,0.000785475,0.000676,0.000840987,1.331469396,0.882978743,0.967409535,0.945248868,0.987931804
1/1/10,512340.0719,511352.0426,512567.6064,532079.7037,80,81.54517892,81.32561396,81.464736,84.67626938,-0.00623055,0.003062376,0.00230533,0.002906368,0.042985357,1.331261583,1.3387607,1.22377687,1.345517424,6.659093626
2/1/10,513911.4547,512516.0731,514083.9634,544323.4894,81.3,81.79528369,81.51074178,81.70573762,86.62477089,0.016119382,0.003062376,0.002273791,0.002953988,0.022750423,2.813636631,2.005870304,1.618249395,1.889284601,15.20676449
3/1/10,515487.657,514883.201,515797.0519,514396.8601,81.9,82.04615554,81.88721066,81.97800668,81.86218492,0.007352974,0.003062376,0.004608008,0.003326773,-0.056548651,4.115033268,2.840360774,2.452739929,2.723775134,16.04125503
4/1/10,517328.6074,518202.5282,517386.5388,514532.1579,81.6,82.33916527,82.41511766,82.23063118,81.88371649,-0.003669729,0.003564917,0.006426066,0.003076875,0.000262988,6.921946161,3.463693277,3.714611942,3.344149213,5.630487327
5/1/10,519176.1322,518582.7681,518870.555,508523.8983,82.2,82.63322141,82.47559116,82.46649272,80.92754959,0.00732604,0.003564917,0.000733498,0.002864187,-0.011745844,6.407162565,3.875867757,4.56834213,3.708346452,-12.31728264
6/1/10,521030.2551,520419.2994,521342.9763,519927.7297,82.2,82.92832771,82.76767377,82.85944606,82.742379,0,0.003564917,0.003535187,0.004753689,0.022177608,4.595763201,4.076884248,4.769358456,3.909362831,-12.11626622
7/1/10,522031.9819,521422.0923,522457.0436,520668.5072,82.3,83.08776475,82.92715831,83.03650991,82.86026788,0.001215806,0.001920743,0.00192504,0.002134638,0.001423756,3.094325657,3.99167193,3.820806439,3.962013435,-6.064164763
8/1/10,523035.6345,522255.6492,523536.9908,519917.4526,82.4,83.24750833,83.05972749,83.20815091,82.74074348,0.001214329,0.001920743,0.001597346,0.002064921,-0.001443523,1.950438903,3.620230857,3.192806464,3.920068638,5.961081847
9/1/10,524080.5373,523466.0047,524395.0891,522971.5572,82.6,83.41381737,83.25222287,83.34453243,83.22678004,0.002424244,0.001995773,0.002314872,0.001637699,0.005857025,2.110181204,2.972565061,2.545140704,3.272402857,5.313416044
10/1/10,524194.7102,523622.5855,524542.0085,523228.2025,82.9,83.43198938,83.27712554,83.367883,83.2676231,0.003625382,0.00021783,0.000299078,0.00028013,0.000490624,1.939795704,2.317067554,2.280816896,2.503100856,4.386563437
11/1/10,524308.908,523721.9015,524617.2635,523252.1975,82.7,83.45016535,83.29292079,83.37984364,83.27144172,-0.00241546,0.00021783,0.000189653,0.000143458,4.59E-05,2.100333072,1.653738296,1.713621063,1.584172559,2.28465215
12/1/10,524423.1306,523808.1962,524737.888,523313.4255,82,83.46834528,83.30664514,83.39901503,83.28118567,-0.008500355,0.00021783,0.000164759,0.000229902,0.000117007,0.481024841,0.96256918,1.022452003,0.89300347,1.593483038
1/1/11,524903.523,524590.2605,525628.9906,525996.3202,82.4,83.5448056,83.43102493,83.54064209,83.7081471,0.00486619,0.00091562,0.001491922,0.001696746,0.005113648,-1.294119117,0.591493801,0.707123642,0.637984273,1.643134845
2/1/11,525384.3555,524873.8744,525545.3844,524483.8959,82.8,83.62133596,83.47613099,83.52735416,83.46745675,0.004842624,0.00091562,0.000540493,-0.000159072,-0.002879493,-1.61754655,0.540512167,0.626266283,0.598822843,1.104155552
3/1/11,525865.6284,525249.0027,526181.2517,524752.8711,83,83.69793642,83.53579151,83.62841549,83.51026202,0.002412546,0.00091562,0.000714446,0.001209188,0.000512706,0.970692622,0.819628324,0.905382461,0.877939065,1.383271759
4/1/11,526017.0951,525475.2432,526399.8124,524857.7225,82.2,83.72204419,83.57177289,83.66315235,83.5269483,-0.009685306,0.000287992,0.000430637,0.000415285,0.000199791,1.453291339,0.922021909,0.883948171,0.797311725,0.390803748
5/1/11,526177.875,525620.8505,526656.8647,524724.083,83.1,83.74763427,83.59493032,83.70400687,83.50568063,0.0108894,0.000305609,0.000277058,0.000488202,-0.000254653,1.774382153,0.850041854,0.780610574,0.843324986,0.138361374
6/1/11,526329.4316,525712.2619,526645.3332,525215.6928,83.1,83.77175636,83.60946844,83.70217411,83.58391644,0,0.000287992,0.000173896,-2.19E-05,0.000936453,0.318746624,0.601339257,0.531907961,0.594622346,-0.110341244
7/1/11,526955.0439,526678.5831,527526.5073,525313.6251,83.2,83.8713302,83.76315251,83.84222318,83.59950159,0.001202646,0.001187927,0.001836431,0.001671785,0.000186444,2.255037373,0.556311864,0.612149105,0.684314429,0.294357431
8/1/11,527321.4434,526804.9456,527175.5531,526509.2379,83,83.92964716,83.78324924,83.78644441,83.78977389,-0.00240674,0.000695073,0.000239894,-0.000665504,0.002273412,1.612272769,0.644547984,0.72255978,0.533875738,0.686152682
9/1/11,527948.2349,527329.167,528265.108,526831.0706,83.1,84.02940867,83.8666216,83.9596124,83.84099101,0.001204094,0.001187927,0.000994601,0.002064645,0.000611071,1.451726893,0.936459276,1.014471059,0.825787022,0.978063949
10/1/11,528169.8591,527550.4125,528505.6966,526751.0481,82.4,84.06468287,83.90180856,83.99785026,83.82825606,-0.008459265,0.000419696,0.000419471,0.000455328,-0.000151906,-1.448800664,1.005948435,0.9300152,0.787970736,1.226641629
11/1/11,528391.5764,527734.8952,528752.0634,527745.1005,83.4,84.09997188,83.93114876,84.03700647,83.98645164,0.012062872,0.000419696,0.000349636,0.000466049,0.001885361,-0.647227912,0.98679206,0.86514663,1.054855645,1.086403855
12/1/11,528613.3867,527993.5388,528930.6591,527494.8149,84.1,84.13527571,83.97228353,84.06539151,83.94662066,0.008358258,0.000419696,0.000489981,0.000337711,-0.000474367,0.947687437,0.745213586,0.623568144,0.813277195,0.844825389
1/1/12,530145.6021,529740.3322,530423.2311,529131.282,84.5,84.3791465,84.25009419,84.30261286,84.20705144,0.004744967,0.002894363,0.003302901,0.002817893,0.003097536,5.591421884,0.936021513,0.955375041,1.048901691,1.08161899
2/1/12,531682.2588,531238.7688,532307.1129,529916.2992,83.7,84.62372417,84.4884061,84.60202689,84.3319807,-0.009512557,0.002894363,0.002824632,0.003545366,0.001482497,5.429150759,1.493502008,1.602549249,1.544228083,1.316437552
3/1/12,533223.3695,532598.1159,533543.4091,532095.0429,84.1,84.86901076,84.70459715,84.79851715,84.67871051,0.004767589,0.002894363,0.002555557,0.002319831,0.004103058,3.83423541,2.483368877,2.592416159,2.534095011,2.306304496
4/1/12,533010.5829,532373.608,533391.5905,531763.6958,83.5,84.83514318,84.66889133,84.77438792,84.62597923,-0.007159935,-0.000399137,-0.000421622,-0.000284588,-0.000622916,-1.108564583,2.704146817,2.701222626,2.795289103,2.366852442
5/1/12,532797.8813,532166.4433,533138.9401,532076.9924,84.8,84.80128912,84.63594378,84.73423303,84.6758379,0.015448911,-0.000399137,-0.00038921,-0.00047378,0.000588992,0.153555039,2.155835817,2.051517402,2.110021554,2.361981558
6/1/12,532585.2645,531960.7591,532904.9211,531458.2882,83.7,84.76744856,84.60323169,84.69703931,84.57737604,-0.013056565,-0.000399137,-0.000386578,-0.000439042,-0.001163486,-0.482123558,0.838435879,0.734117431,0.792621549,1.044581553
7/1/12,534403.611,534444.5572,535037.5046,534658.7016,84.8,85.05686061,84.99825583,85.03598066,85.08669647,0.013056565,0.003408373,0.004658271,0.003993823,0.006003887,3.165051568,0.467837267,0.590639662,0.459340516,1.10681543
8/1/12,536024.8647,536180.171,536782.5647,536353.3795,85.3,85.31490293,85.27428848,85.31333111,85.35639103,0.005878912,0.00302917,0.003242248,0.003256258,0.003164632,2.208031088,0.99347952,1.359868457,1.159283996,1.631601993
9/1/12,537651.0368,537020.5913,537973.7337,536513.3411,84.4,85.57372808,85.40794923,85.5026491,85.38184765,-0.010607053,0.00302917,0.001566194,0.002216632,0.000298195,3.954166233,2.415362651,2.781751602,2.581167094,3.05348512
10/1/12,537473.3371,536883.4591,537914.2334,536837.2189,84.7,85.54544501,85.38613967,85.49319244,85.43339024,0.0035482,-0.000330566,-0.00025539,-0.000110607,0.000603489,1.736985956,2.83105254,2.871160797,2.885338095,2.871741527
11/1/12,537295.6962,536713.6337,537701.7876,536651.2482,85,85.51717129,85.35913058,85.45942744,85.40379447,0.003535655,-0.000330566,-0.000316367,-0.000395022,-0.000346479,0.483371328,2.341670108,2.001893662,2.205333282,1.878431166
12/1/12,537118.114,536488.2933,537440.491,535981.5459,84.6,85.48890691,85.32329236,85.41789837,85.29721667,-0.00471699,-0.000330566,-0.00041994,-0.000486069,-0.001248707,-0.311503218,0.947215361,0.607438888,0.810878545,0.48397642
1/1/13,537713.8191,536861.7846,537638.2075,533602.4019,84.4,85.58372065,85.38269256,85.44932237,84.91859474,-0.002366865,0.001108462,0.000695936,0.000367818,-0.004448735,-0.627271074,0.2431562,-0.005017605,0.027471055,-0.864055285
2/1/13,538310.1849,537499.7773,538337.5246,536116.6849,85.2,85.67863955,85.48415915,85.56046806,85.31872296,0.009434032,0.001108462,0.001187669,0.001299875,0.004700837,0.15584564,0.178932171,0.057545982,-0.043112795,-1.070963358
3/1/13,538907.2121,538275.2935,539230.6628,537766.8582,85.3,85.77366372,85.60749753,85.70241864,85.58133498,0.001173021,0.001108462,0.001441782,0.001657693,0.003073284,0.938955357,0.75454327,0.633157129,0.532498301,-0.495352246
4/1/13,540297.7147,539492.2328,539656.9397,536394.2273,85.3,85.99497918,85.80103999,85.7701688,85.36289165,0,0.002576903,0.00225826,0.000790216,-0.002555728,2.826322417,1.334076172,1.290234748,1.100639161,1.006289867
5/1/13,541410.4504,540884.6274,540645.0026,538813.7936,85.7,86.17208466,86.02248694,85.9272062,85.74794644,0.004678371,0.002057368,0.002577611,0.001829235,0.004500655,3.293151007,1.848259566,1.932099864,1.51337506,1.80826552
6/1/13,542525.4777,541889.3165,542851.1,541377.4675,85.8,86.34955488,86.18227305,86.27783144,86.15593483,0.001166181,0.002057368,0.001855769,0.004072189,0.004746713,2.973732888,2.297093443,2.380933747,1.962208939,2.25709939
7/1/13,544016.6315,542924.4115,543758.335,540314.6533,86,86.58689021,86.34689494,86.42202248,85.98679638,0.00232829,0.002744771,0.001908337,0.001669846,-0.001965096,2.649171403,2.572517543,2.574801338,2.47200713,2.532283115
8/1/13,545511.8837,544518.9672,545258.7822,542271.65,86.3,86.82487786,86.60049365,86.66049549,86.2982369,0.003482302,0.002744771,0.002932671,0.002755601,0.003615414,2.799222165,2.813074463,2.630684716,3.034739411,2.716125615
9/1/13,547011.2457,546369.8244,547339.5603,545853.7433,86.3,87.06351963,86.89485465,86.99120316,86.86829866,0,0.002744771,0.003393305,0.003808867,0.006583995,2.794694112,3.01876422,2.836374435,3.240429193,2.921815357
10/1/13,548241.4689,547763.3588,548222.3064,547354.3293,86.8,87.25932468,87.11648287,87.13150208,87.10710503,0.005777024,0.002246466,0.002547286,0.001611495,0.002745291,2.939558599,3.135630848,3.173913681,3.321054844,3.676805775
11/1/13,549450.6851,549171.9844,549338.1795,549086.2959,86.8,87.4517862,87.3405112,87.30885293,87.3827338,0,0.002203198,0.002568294,0.00203337,0.003159256,2.779592078,3.088634079,3.415527994,3.18186768,4.489007233
12/1/13,550662.5684,550016.8658,550993.0748,549497.3398,86.5,87.64467222,87.47488143,87.57187309,87.44814818,-0.003462208,0.002203198,0.001537282,0.003007997,0.000748316,2.313488645,2.877773901,3.20466789,2.971007584,4.278147128
1/1/14,552152.4539,551589.0549,552733.1778,551380.8592,87,87.8818057,87.72492296,87.84843568,87.74789538,0.005763705,0.00270197,0.00285436,0.003153145,0.003421852,1.385778188,2.794088368,2.949557861,2.973480873,3.529443692
2/1/14,553646.3705,553205.3175,554044.47,553195.9447,87.5,88.11958077,87.98197394,88.05684541,88.03675186,0.005730675,0.00270197,0.002925909,0.002369569,0.003286484,1.686464605,2.84911544,2.790713294,3.117078039,2.8585252
3/1/14,555144.3291,554493.3718,555477.5258,553969.6171,88,88.35799917,88.18682656,88.28460758,88.15987568,0.005698021,0.00270197,0.002325641,0.002583196,0.001397573,3.670142563,3.042855114,2.984453037,3.310817691,3.052264861
4/1/14,556858.0103,556285.9989,557533.7956,555830.2552,88.1,88.63075247,88.47192664,88.61142005,88.45598149,0.001135718,0.003082157,0.003227695,0.003694971,0.003353109,5.038531537,3.226552439,3.187027538,3.371247542,3.146630487
5/1/14,558576.9815,557910.2572,558981.0442,557715.7154,88.3,88.90434772,88.73024925,88.84143794,88.75603755,0.002267575,0.003082156,0.002915571,0.002592441,0.003386411,5.181083877,3.394438418,3.340541825,3.416567204,3.237355822
6/1/14,560301.259,559644.2551,560637.5511,559115.6349,88.6,89.17878754,89.00602491,89.10471424,88.97882365,0.00339175,0.003082156,0.003103203,0.002959058,0.00250695,3.794769556,3.546513059,3.492616436,3.568641858,3.389430476
7/1/14,561754.3434,561627.9653,562403.7008,563236.9935,89.1,89.41006367,89.3215149,89.38541656,89.63470522,0.005627477,0.002590041,0.003538324,0.003145301,0.007344175,3.624421189,3.582280799,3.636330209,3.575183639,4.082813123
8/1/14,563211.1963,562482.3067,563339.0999,559888.903,89,89.64193959,89.45738966,89.53408386,89.10188314,-0.001122965,0.002590041,0.001520032,0.001661835,-0.005962111,3.463747572,3.501741673,3.595350313,3.427928344,3.516402709
9/1/14,564671.8273,564009.6986,565010.7424,563476.955,89.2,89.87441686,89.70030663,89.79976572,89.67289318,0.00224467,0.002590041,0.002711769,0.002962988,0.00638806,3.457632751,3.304895672,3.398504241,3.231082209,3.319556659
10/1/14,565979.3999,564792.1843,565779.4554,561815.9971,89.6,90.08253301,89.82475343,89.92194083,89.4085649,0.00447428,0.002312956,0.001386401,0.001359603,-0.002952047,2.69885728,3.13672028,2.873317866,2.869432523,1.217738761
11/1/14,567290.0004,566515.1951,567596.2033,565845.006,89.7,90.29113108,90.0987817,90.21068495,90.04974974,0.001115449,0.002312956,0.003046055,0.003205909,0.007145811,2.690608908,2.99721548,2.737673246,2.837740127,2.110113228
12/1/14,568603.6358,567936.8967,568944.911,567400.4437,89.7,90.50021219,90.32488964,90.42504129,90.29728533,0,0.002312956,0.002506412,0.002373356,0.002745105,2.536015242,2.886381273,2.626839029,2.726906031,1.999279055
1/1/15,569438.3376,568316.9569,569062.5078,564268.3761,89.6,90.63306518,90.38533454,90.44373149,89.79884159,-0.001115449,0.001466909,0.00066897,0.000206671,-0.005535322,1.789883842,2.699685547,2.707270617,2.700440597,2.916837946
2/1/15,569787.7074,569018.8192,569780.1597,568629.0131,89.9,90.68867164,90.49695898,90.55779122,90.49280242,0.003342621,0.000613346,0.001234222,0.001260318,0.007698241,1.042253586,2.323319877,2.342654707,2.208686597,2.160331368
3/1/15,570137.2914,569468.7542,570479.4872,568930.8542,89.9,90.74431221,90.5685168,90.66893857,90.54083804,0,0.000613346,0.000790408,0.001226611,0.000530682,0.593912643,1.75728425,1.776619104,1.642650936,1.594295744
4/1/15,571311.2428,570611.6917,571856.3,566524.3003,90.4,90.93116092,90.75029,90.88776178,90.15785405,0.005546326,0.002056951,0.002005013,0.002410523,-0.00423893,1.779105632,1.382727155,1.484379815,1.524186459,1.545548949
5/1/15,572487.6115,572113.2623,573307.0993,571383.643,90.3,91.11839435,90.98910032,91.11834402,90.93117994,-0.001106807,0.002056951,0.002628054,0.002533787,0.008540888,2.07408517,1.427265416,1.619562495,1.834929925,1.535497744
6/1/15,573666.4023,572993.7272,574010.7166,572452.4977,90.2,91.30601331,91.12912979,91.23017316,91.1012797,-0.001108033,0.002056951,0.001537787,0.001226543,0.001868895,2.221326927,1.890899064,2.08319618,2.298563623,1.999131421
7/1/15,574387.7457,573728.6603,574232.4909,572183.2372,90.5,91.42082391,91.24601381,91.26542078,91.05842903,0.003320424,0.001256637,0.001281798,0.000386285,-0.000470474,1.183545046,2.169151844,2.272262243,2.198451944,2.79237373
8/1/15,575109.996,574630.1304,575321.2739,573816.5383,90.5,91.53577888,91.38938394,91.43846609,91.31835595,0,0.001256637,0.001570015,0.001894271,0.002850441,0.886594558,2.14821538,2.134412202,1.843275612,2.71453674
9/1/15,575833.1546,575157.9386,576178.7692,574614.6649,90.6,91.65087839,91.47332675,91.57475177,91.44537147,0.001104362,0.001256637,0.000918097,0.001489354,0.001389943,1.032367943,1.828089642,1.81428635,1.523149775,2.394410889
10/1/15,576910.3404,577086.1187,577875.5041,88454475.88,91,91.82232567,91.77998521,91.84442168,14076.82905,0.004405293,0.001868909,0.003346829,0.002940479,5.036543634,1.61957761,1.696308772,1.865926627,1.813481649,673.1737052
11/1/15,577989.5413,577866.6112,578737.2203,11386322.48,90.8,91.99409366,91.90411503,91.98137822,1812.043014,-0.002200221,0.001868909,0.001351558,0.001490069,-2.05007517,1.765850226,1.752872723,2.029511125,2.13518867,1070.988311
12/1/15,579070.7609,578391.7488,579418.3188,577845.4204,91.1,92.16618298,91.98763309,92.08962835,91.95952062,0.003298519,0.001868909,0.000908339,0.001176178,-2.980861738,1.909690924,1.997781538,2.274420022,2.380097529,1071.23322
1/1/16,579649.8757,578967.9414,580059.1239,577711.6225,91.2,92.25835617,92.07927098,92.19147445,91.93822775,0.001097093,0.000999576,0.000995702,0.001105334,-0.000231573,1.467788891,2.045143095,1.930507853,2.039761203,-271.6937798
2/1/16,580535.7232,579563.3519,580687.4138,578268.7165,91.4,92.39934961,92.17396528,92.29133147,92.02688484,0.002190581,0.001527079,0.001027871,0.001082562,0.000963847,1.904689951,1.965291142,1.572565117,1.698984227,-1067.425496
3/1/16,581116.303,580434.8924,581465.0888,579886.6342,91.6,92.49175598,92.3125754,92.41493095,92.28436362,0.002185793,0.000999576,0.001502659,0.001338336,0.002793958,1.900673444,1.687891912,1.295165887,1.42158502,-1067.702895
4/1/16,582207.1466,582214.7734,583126.0629,583295.8662,92.1,92.66537706,92.59564832,92.67891723,92.82691589,0.005443672,0.001875392,0.003061769,0.002852461,0.005861921,2.917294193,1.643179135,1.606725849,1.621821943,-395.5978008
5/1/16,583300.0379,582783.3389,583575.5259,582145.3547,91.9,92.83932405,92.68607318,92.75035246,92.64382109,-0.002173914,0.001875392,0.00097608,0.000770485,-0.00197438,2.766541933,1.690485358,1.954538464,1.834782891,2.643660844
6/1/16,584394.9807,583709.7253,584745.7344,583158.3739,92.1,93.01359757,92.833406,92.93633909,92.80503508,0.002173914,0.001875392,0.001588328,0.002003231,0.001738636,2.762569155,1.970478052,2.234531048,2.114775547,2.923653479
7/1/16,589126.2374,584551.3604,585511.3221,581377.3816,92.2,93.76663485,92.96725996,93.05801749,92.52160427,0.001085187,0.008063395,0.001440834,0.00130841,-0.003058719,1.597921305,2.958762253,2.022923386,1.955944572,1.201761698
8/1/16,587905.306,585714.5571,586464.8808,584662.325,92.4,93.57230871,93.15225518,93.20957097,93.04437697,0.002166848,-0.002074595,0.001987919,0.001627267,0.005634374,1.593974422,3.373939749,1.9531332,1.952961405,0.886134057
9/1/16,586872.2709,586184.1104,587224.5109,585630.4217,92.9,93.40788856,93.22693311,93.3303025,93.1984419,0.005396667,-0.001758691,0.000801355,0.001294432,0.001654453,2.021311886,3.187797327,1.766990795,1.766818876,0.699991573
10/1/16,588078.5497,586361.4401,587521.061,584442.5101,92.7,93.59988256,93.25513569,93.37743457,93.00939518,-0.002155173,0.002053327,0.00030247,0.000504875,-0.002030492,2.597732514,1.375245603,1.64519108,1.679411878,1.840364546
11/1/16,589287.3079,587786.6453,588938.5597,587205.4269,93.1,93.79227119,93.48180084,93.60272418,93.4490915,0.004305712,0.002053327,0.002427642,0.002409771,0.004716301,2.880566694,0.639748444,1.447109203,1.582101302,1.843827157
12/1/16,590498.5506,589806.1378,590852.9671,589249.0279,93.7,93.98505526,93.80298166,93.90698979,93.7743144,0.006424005,0.002053327,0.003429869,0.003245335,0.003474173,2.870678809,0.897064801,1.704425572,1.839417759,2.101143556
1/1/17,592222.2323,591632.8089,592360.9299,590663.5868,93.9,94.25940024,94.09349609,94.14665728,93.99943025,0.002132197,0.002914776,0.003092284,0.002548928,0.002397736,3.86448836,2.07058328,2.485499181,2.476412505,2.811793558
2/1/17,593835.9836,593210.7314,594204.617,591242.1571,94,94.51624847,94.34444946,94.43968297,94.09150513,0.001064396,0.002721203,0.002663514,0.003107605,0.000979047,4.140940674,2.782762207,3.239392505,3.102117758,3.146552826
3/1/17,595454.1323,594755.9083,595811.5227,594194.1231,94.1,94.77379659,94.59019494,94.69507592,94.56128713,0.001063264,0.002721203,0.002601382,0.002700647,0.004980398,3.565649197,3.075722118,3.532352382,3.395077595,3.439512751
4/1/17,596797.0413,596118.2587,597178.0946,595759.0885,94.4,94.98753697,94.80686365,94.9122715,94.81033897,0.003183027,0.002252729,0.002287985,0.002291005,0.002630299,2.558818969,3.16554941,3.346097054,3.381107282,3.173050552
5/1/17,598004.1211,597370.8378,598443.5936,596651.3624,94.6,95.17965846,95.00607428,95.1134031,94.95233729,0.002116403,0.002020554,0.002099021,0.002116889,0.001496589,2.124431743,3.072906856,3.053126602,3.141997088,3.473894532
6/1/17,599213.6424,598511.01,599573.2892,597945.678,94.6,95.37216854,95.18740769,95.29295083,95.15831737,0,0.002020554,0.001906832,0.001885943,0.00216695,2.263041359,2.797794456,2.778014279,2.866884739,3.198782171
7/1/17,600474.8412,599803.7058,600812.1173,598340.5802,94.8,95.57290372,95.39299848,95.4898435,95.22116293,0.002111933,0.002102544,0.002157524,0.002064051,0.000660214,2.118727915,2.59093022,2.592747045,2.5959017,2.629983438
8/1/17,601738.6944,600762.1886,601857.6714,598711.5858,95,95.77406141,95.54543594,95.65601824,95.28020552,0.002107482,0.002102545,0.001596719,0.001738722,0.000619865,1.832957482,2.488417838,2.415771777,2.406591768,1.875282601
9/1/17,603005.2078,602298.1295,603367.1304,601729.2206,95.4,95.97564248,95.78971254,95.89592354,95.76043821,0.004201687,0.002102545,0.002553391,0.00250486,0.005027555,2.24918054,2.490257286,2.417611217,2.408431283,1.877122119
10/1/17,604482.4835,603523.0006,604144.4638,609739.3478,95.4,96.21076894,95.98451648,96.01946872,97.03518648,0,0.00244686,0.002031597,0.001287496,0.013224023,2.526624951,2.558030069,2.420055306,2.336990622,3.816814195
11/1/17,605963.3783,604555.8729,605993.5598,613202.9774,95.6,96.44647144,96.14878487,96.31335407,97.5863957,0.002094242,0.00244686,0.001709942,0.003056011,0.005664435,2.80349334,2.660779467,2.504569539,2.49161071,6.546012093
12/1/17,607447.9011,606735.6133,607812.4906,606162.513,95.9,96.68275137,96.49545156,96.60244515,96.46596156,0.003133162,0.00244686,0.003599039,0.002997072,-0.011547879,2.377666811,2.7985055,2.642295555,2.629336786,6.68373804
1/1/18,607577.7649,606952.821,608011.8025,606760.9855,95.7,96.70342078,96.52999636,96.63412271,96.56120372,-0.002087683,0.000213763,0.00035793,0.000327863,0.000986827,1.955073586,2.592576661,2.573656106,2.742652373,3.514663325
2/1/18,607707.6565,607032.0081,608078.258,606517.5099,95.8,96.72409461,96.54259031,96.6446848,96.5224565,0.001044387,0.000213763,0.000130458,0.000109294,-0.000401352,1.394265115,2.042992928,2.279322306,2.287433928,-1.135792355
3/1/18,607837.5759,607124.8311,608202.3992,606551.3632,95.7,96.74477287,96.55735291,96.66441513,96.52784399,-0.001044387,0.000213763,0.000152901,0.000204132,5.58E-05,0.418920199,1.149754324,1.386083725,1.39419524,-2.029030954
4/1/18,608165.6819,607376.4556,608434.0118,606397.1496,95.7,96.79699494,96.59737136,96.70122638,96.50330211,0,0.000539647,0.000414367,0.000380742,-0.000254279,0.000290865,0.597713045,0.723525691,0.635958274,-1.456124158
5/1/18,608500.8293,607787.0978,608991.7008,607232.2532,95.9,96.85033774,96.66268004,96.78986247,96.63620225,0.002087683,0.000550927,0.000675863,0.000916178,0.001376209,-0.139251536,0.388373213,0.344286212,0.378201383,0.162562329
6/1/18,608829.2933,608115.3856,609194.7118,607540.982,96.2,96.90261681,96.71489105,96.82212794,96.68533399,0.003123376,0.000539647,0.00053999,0.0003333,0.00050829,0.83391415,0.520230708,0.476143684,0.510058853,0.294419812
7/1/18,609455.7344,608873.5349,609999.0154,608173.7927,96,97.00232255,96.83546739,96.94995963,96.78604079,-0.002081166,0.001028398,0.001245943,0.001319403,0.001041051,1.251233218,0.67380397,0.711353081,0.760020441,0.764468729
8/1/18,610082.82,609283.8271,610553.4307,609568.6689,96.3,97.10213088,96.90072042,97.03807542,97.00802429,0.003120127,0.001028398,0.000673628,0.000908466,0.002290923,1.667105218,0.846084792,0.873543733,0.901369364,1.119471373
9/1/18,610710.5508,609994.4373,611077.0986,609418.2589,96.5,97.20204191,97.01373611,97.12130437,96.98408773,0.00207469,0.001028398,0.001165624,0.000857326,-0.000246779,1.387450746,1.040081355,1.067540352,1.095366009,1.313467998
10/1/18,610986.9045,610232.5249,611371.4004,604113.1738,96.4,97.24602698,97.05160165,97.16807912,96.13982546,-0.001036807,0.000452409,0.000390235,0.000481496,-0.008743274,1.524533032,1.092112518,1.036565741,1.052487014,0.03017722
11/1/18,611263.3833,610512.7996,611710.914,609391.5315,96.5,97.29003195,97.09617664,97.22203957,96.97983428,0.001036807,0.000452409,0.000459186,0.000555177,0.008699416,1.246180048,1.003682377,0.977296999,0.963530932,-0.520609589
12/1/18,611539.9871,610822.901,611907.0327,610245.9401,96.2,97.33405683,97.14549528,97.25320963,97.11580663,-0.003113651,0.000452409,0.000507807,0.000320556,0.001401086,0.415873202,0.773286838,0.746901422,0.733135332,-0.751005185
1/1/19,613023.9591,612181.4467,613114.4745,610357.9453,96.7,97.57024909,97.36155888,97.44511393,97.13363138,0.005184045,0.002423675,0.002221654,0.0019713,0.000183524,0.275765295,0.882525252,0.874789453,0.813101186,1.51341571
2/1/19,614511.5321,613844.4657,615016.409,613481.1904,97.3,97.80701449,97.62604602,97.74739715,97.63067108,0.006185587,0.002423675,0.002712863,0.003097285,0.005104023,1.099937469,1.331397621,1.331759887,1.2791201,2.443985164
3/1/19,616002.7148,615280.3961,616372.439,614699.2247,97.3,98.04435443,97.85441692,97.96291728,97.8245116,0,0.002423675,0.00233651,0.002202441,0.001983479,3.031041761,2.119903959,2.120266328,2.067626494,3.232491587
4/1/19,616749.0867,615806.9789,616308.347,616278.5255,97,98.16314863,97.93816483,97.95273084,98.0758448,-0.003088011,0.001210904,0.000855476,-0.000103988,0.00256593,3.029758455,2.483871996,2.482426477,2.380787356,3.148412364
5/1/19,617617.5927,616424.1503,617509.8454,616567.3637,97.4,98.30138198,98.03632,98.14369051,98.12181112,0.004115232,0.001407209,0.001001714,0.001947611,0.000468572,2.065923869,2.449475823,2.315943242,2.201710427,2.925658559
6/1/19,617923.0403,617198.4697,618293.9172,616615.4866,97.9,98.34999768,98.15946805,98.26830667,98.1294695,0.005120339,0.000494435,0.001255359,0.001268926,7.80E-05,1.369647713,1.895012222,1.76147953,1.647246796,2.371194865
7/1/19,616060.3412,618871.7164,619639.822,616984.2473,98.2,98.05352638,98.4255818,98.48221754,98.18815484,0.003059666,-0.003019004,0.002707367,0.002174438,0.000597861,2.596002488,0.938263739,1.636091685,1.673278377,1.236667804
8/1/19,624083.4961,619938.7868,620824.1653,616173.3119,98,99.33050945,98.59528906,98.67045068,98.0591009,-0.002038737,0.012939252,0.001722734,0.001909517,-0.001315218,3.277875363,1.654649691,1.834993076,1.847520816,0.482362385
9/1/19,622304.6279,621574.9194,622678.1346,620987.8025,98.5,99.04738085,98.85550018,98.96511058,98.82528892,0.00508907,-0.002854439,0.002635708,0.002981853,0.007783165,3.272867136,2.181751038,2.3620944,2.374622143,1.009463719
10/1/19,622305.2957,621575.6706,622679.1203,620987.3854,98.3,99.04748715,98.85561965,98.96526724,98.82522255,-0.002032521,1.07E-06,1.21E-06,1.58E-06,-6.72E-07,1.769210461,3.675517102,2.281455847,2.308219206,1.719169914
11/1/19,622305.9635,621576.3159,622679.3675,620987.1667,98.1,99.04759344,98.85572228,98.96530653,98.82518774,-0.002036661,1.07E-06,1.04E-06,3.97E-07,-3.52E-07,1.086359778,1.906586986,1.875121764,1.992346048,2.842030145
12/1/19,622306.6313,621576.9205,622680.1392,620989.8017,98.5,99.04769973,98.85581844,98.96542919,98.82560709,0.004069182,1.07E-06,9.73E-07,1.24E-06,4.24E-06,0.271693292,0.964908402,0.933443213,1.050667461,1.900351597
1/1/20,632816.518,601190.9153,640725.511,622264.1942,98.6,100.7204765,95.61362079,101.8334634,99.02841656,0.001014713,0.016747571,-0.033347122,0.028568178,0.002050093,0.542282981,1.853419223,-4.093858368,4.207582294,1.311912651
2/1/20,641686.6348,591391.0882,631474.9756,615749.2218,98.1,102.1322639,94.05505274,100.3632331,97.99161031,-0.005083895,0.013919558,-0.016435009,-0.014542831,-0.010524979,0.406297927,6.322818476,-11.08307336,5.679949382,-0.855125293
3/1/20,605767.9913,605057.6741,606131.5744,604486.1587,91,96.41537321,96.22859151,96.33528939,96.19918306,-0.07512786,-0.057603016,0.022846244,-0.040961232,-0.018461,-10.15330763,2.730937545,-14.67495417,2.088068831,-4.447006123
4/1/20,645168.8508,743343.1514,1063570.81,338395.4868,73.2,102.6865011,118.2215639,169.0382188,53.85296075,-0.217664086,0.063015006,0.205834001,0.562290132,-0.580163482,-50.27638431,3.075181567,18.07042566,65.85023608,-85.94079881
5/1/20,601377.0206,595268.4497,675745.6372,407639.7394,74.7,95.7164966,94.67170972,107.3993738,64.87263495,0.020284671,-0.070290006,-0.222145304,-0.453570485,0.186168502,-86.61068756,-9.664314176,25.57923895,73.01447996,-139.8055105
6/1/20,482604.7069,482038.8169,482894.3816,481583.4994,81.7,76.81243248,76.66362792,76.74863339,76.64019854,0.08957391,-0.220024154,-0.210987836,-0.336018771,0.166695839,-90.4251493,-36.37941634,-1.135861358,46.29938139,-166.5206111
7/1/20,415367.4203,506364.0867,523181.7641,471453.3915,87.1,66.11079724,80.53232764,83.15169308,75.02807213,0.064002882,-0.150034428,0.049231306,0.080130987,-0.021259386,-27.52684216,-97.67010102,-80.62213761,-115.8665303,-41.08668892
8/1/20,483850.2315,538799.9067,497365.0291,523530.5986,90,77.01067293,85.69093219,79.04852021,83.31574704,0.032752786,0.152611941,0.062088322,-0.050604723,0.104775233,33.65140486,-118.0125842,-94.78255761,-165.7666534,47.26899997
9/1/20,563623.9991,562963.1226,563962.3041,562431.3577,91.3,89.7076422,89.5338588,89.63313258,89.50649467,0.014341117,0.152611941,0.043869853,0.125663191,0.071673617,62.83837691,-67.01410311,-43.78407499,-114.7681763,98.26748076
10/1/20,565848.6783,565253.1058,565532.1201,564528.113,91.7,90.06172706,89.89805857,89.88263067,89.84017666,0.004371592,0.003939329,0.004059481,0.002779681,0.003721088,46.51891458,32.92080336,22.07185715,-9.795320633,78.07614519
11/1/20,568082.1385,568511.2362,567801.4656,567490.4122,89.7,90.41720953,90.4162328,90.24330823,90.3116031,-0.02205161,0.003939329,0.005747472,0.004004732,0.00523367,21.22978398,83.31243517,42.51785913,48.73002754,55.46503715
12/1/20,571327.3386,570657.4296,571670.2676,570118.3968,91.1,90.93372275,90.75756418,90.8581948,90.72982603,0.015487035,0.0056963,0.003768004,0.006790545,0.004620199,6.12448144,64.43050218,23.63592266,29.84809458,36.58310279
1/1/21,556321.1934,568996.421,571543.7982,576061.2096,88.1,88.5453115,90.49339676,90.83809443,91.67557761,-0.033485271,-0.026616504,-0.002914937,-0.000221252,0.010369869,-6.077564123,20.94462391,9.846973576,20.87954469,15.25694273
2/1/21,558221.9053,565836.6786,568315.8589,569811.5083,89.4,88.847833,89.99087018,90.32506314,90.68098716,0.014648149,0.00341075,-0.005568661,-0.005663764,-0.010908303,-6.079055539,-2.788716594,2.061320069,3.340601357,5.050727904
3/1/21,565390.0575,564727.1096,565729.4223,564193.6789,92,89.98873196,89.81440394,89.91398882,89.78695412,0.028667895,0.012759297,-0.00196286,-0.004561442,-0.009908024,-4.475888056,-5.991571881,-1.1415354,0.137745901,1.847872574
4/1/21,578743.2125,571329.4463,577694.0053,566545.9558,95.1,92.11404965,90.86444196,91.81557524,90.16130035,0.033140393,0.023343017,0.011623384,0.020928415,0.004160605,11.058283,1.540953476,-1.47602543,0.154970451,-3.069388759
5/1/21,592411.737,592834.4174,594516.0292,597872.9701,96.5,94.28956223,94.28460034,94.48917716,95.14674649,0.014614039,0.023343017,0.036949124,0.028703352,0.053820107,21.69460474,11.80159175,5.367340368,6.043609896,2.796067682
6/1/21,606403.0792,605692.0393,606767.0601,605119.9146,97.3,96.5164552,96.32948118,96.43629006,96.30004028,0.008255981,0.023343017,0.02145654,0.020397283,0.012048337,27.85188999,22.53165971,16.09740798,16.77367772,13.52613534
7/1/21,609177.7914,608501.2412,611021.0564,607391.8163,97,96.95808454,96.77625767,97.11239732,96.66159544,-0.003088011,0.004565253,0.004627281,0.006986459,0.003747435,20.29529963,24.09675618,23.95621892,22.82486258,25.02901559
8/1/21,614422.8038,612388.1229,614056.3625,608565.978,97.9,97.79289231,97.39442874,97.59481253,96.84845398,0.009235571,0.008573132,0.006367317,0.004955299,0.001931255,12.0261283,21.03489887,22.0684175,21.12735814,20.98292747
9/1/21,616526.6093,615803.6998,616896.6663,615222.0234,98.5,98.12773865,97.93764332,98.04623513,97.90771086,0.006109999,0.003418187,0.005561974,0.004614813,0.010877882,6.192414551,13.90523481,14.93875408,13.99769423,13.85326382
10/1/21,619561.2618,617844.598,619768.0962,619203.4963,98.8,98.61074064,98.26222852,98.50260475,98.54133074,0.003041057,0.004910102,0.003308723,0.004643838,0.006450753,6.006363524,9.325252483,8.566096616,8.414608131,7.139131814
11/1/21,622610.8513,619768.9743,622421.8645,620299.5365,99.3,99.09612006,98.56828202,98.9243804,98.71575685,0.005047966,0.004910102,0.00310982,0.004272732,0.001768516,5.979094233,6.226184243,5.836680533,5.906920272,7.321814996
12/1/21,625675.4515,624941.8141,626051.001,624351.5068,99.2,99.5838886,99.39097234,99.50117581,99.36059582,-0.001007557,0.004910102,0.008311762,0.005813737,0.006511037,5.288948517,5.982682034,5.59317812,5.663418412,7.078312826
1/1/22,626345.3541,627651.8454,627451.7363,627137.6733,99.4,99.69051177,99.82197669,99.72380114,99.80399214,0.002014099,0.001070114,0.004327078,0.002234915,0.004452569,3.644666205,5.181201684,5.661264248,5.411076416,6.207943854
2/1/22,628289.8371,628771.2047,629189.5507,628369.3265,100,100,100,100,100,0.006018072,0.003099681,0.00178182,0.00276581,0.001962002,2.688078661,4.626735952,5.986616545,5.048820395,5.385071526
3/1/22,630240.3569,629501.3658,630618.6459,628906.7522,99.9,100.310449,100.1161251,100.2271327,100.085527,-0.0010005,0.003099681,0.001160577,0.002268751,0.000854904,2.681439361,3.631958834,4.99183931,4.054042971,4.390294194
4/1/22,630978.9195,630616.0672,631605.1482,631018.7449,99.9,100.4280003,100.2934076,100.3839221,100.4216339,0,0.001171189,0.001769203,0.001563119,0.003352571,2.543181106,3.162656656,3.520231246,3.290882419,3.515274846
5/1/22,631718.3476,630702.0654,632356.2877,629473.2895,100.5,100.5456893,100.3070848,100.5033041,100.175687,0.005988042,0.001171188,0.000136363,0.001188548,-0.002452147,2.271571316,2.677611446,2.006295657,2.518343155,2.025904191
6/1/22,632353.0151,631611.547,632732.5724,631014.9401,99.5,100.6467044,100.4517291,100.5631088,100.4210284,-0.010000083,0.001004164,0.001440976,0.000594875,0.002446117,0.799076268,2.154553422,1.483237809,1.99528517,1.502846242
7/1/22,632593.0064,632017.5398,633105.1723,630914.9139,100.1,100.6849019,100.5162983,100.6223278,100.4051101,0.006012042,0.000379449,0.000642582,0.000588701,-0.000158528,0.396733425,1.51245342,1.15101393,1.431877629,0.658308244
8/1/22,632833.0888,632396.8155,633286.3314,631014.9686,100.2,100.723114,100.5766184,100.6511203,100.421033,0.000998502,0.00037945,0.000599923,0.000286103,0.000158574,-0.66687729,1.021920681,1.099992335,0.958445831,0.75041949
9/1/22,633073.2623,632330.9497,633453.252,631733.6633,99.6,100.7613405,100.5661431,100.6776497,100.5354075,-0.006006024,0.000379449,-0.000104158,0.000263543,0.001138302,0.001997633,0.727494753,0.805566371,0.664019937,0.455993657
10/1/22,633904.9085,632463.2763,633721.5854,658020.1289,100.5,100.8937072,100.5871884,100.7202972,104.7186903,0.008995563,0.001312803,0.000209246,0.000423515,0.040767636,0.267069701,0.66308149,0.603578461,0.477491637,6.086536221
11/1/22,634173.3058,633350.4539,634965.7635,649616.794,100.5,100.9364259,100.7282854,100.9180402,103.3813661,0,0.000423313,0.00140175,0.001961364,-0.012852881,1.06428006,0.710081878,0.446692898,0.6346573,9.634122066
12/1/22,635143.8479,634399.1074,635525.0802,633799.8674,100.1,101.0908995,100.8950637,101.006935,100.8642276,-0.003988041,0.001529235,0.001654355,0.000880474,-0.024649403,1.598013568,0.993682538,0.730293629,0.918257974,9.917722742
1/1/23,635272.0441,634500.7802,635681.9804,634099.6447,100.3,101.1113035,100.9112338,101.0318718,100.9119347,0.001996009,0.000201818,0.000160254,0.000246852,0.000472872,0.800670406,1.00470447,1.065140068,1.200328351,-0.628133722
2/1/23,635400.2661,634621.2252,635815.0984,634158.7722,100.7,101.1317116,100.9303894,101.0530289,100.9213444,0.003980105,0.000201818,0.000189808,0.000209388,9.32E-05,0.667141523,0.980345127,1.131483855,1.025433933,-7.712979802
3/1/23,635528.514,634783.3225,635909.9772,634183.7195,100.4,101.1521238,100.9561694,101.0681084,100.9253146,-0.002983592,0.000201817,0.000255391,0.000149212,3.93E-05,0.398474751,0.62569192,0.776830615,0.670780627,-8.067633109
4/1/23,635617.3221,634929.7537,636024.477,634204.5069,100.5,101.1662587,100.9794579,101.0863064,100.9286227,0.00099552,0.000139729,0.000230653,0.000180041,3.28E-05,0.929683426,0.410891664,0.438096271,0.330774276,-3.108330408
5/1/23,635706.1426,634950.9677,636162.8671,634367.4392,100.1,101.1803956,100.9828317,101.1083014,100.9545521,-0.003988041,0.00013973,3.34E-05,0.000217563,0.000256875,-0.132207991,0.21734577,0.240101146,0.225454588,0.146640278
6/1/23,635794.9755,635049.4715,636176.5986,634449.6171,100.8,101.1945344,100.9984978,101.1104838,100.9676301,0.006968669,0.000139729,0.000155124,2.16E-05,0.000129535,-0.001057666,0.192510405,0.21526572,0.20061932,0.121804932
7/1/23,635672.4063,634930.5954,636038.0287,634494.1304,100.4,101.175026,100.9795917,101.0884602,100.974714,-0.003976148,-0.0001928,-0.000187209,-0.000217841,7.02E-05,-0.399398035,0.131616306,0.125328804,0.131641319,0.160632899
8/1/23,635549.8608,634796.9914,635910.9269,634243.8802,100.4,101.1555214,100.9583433,101.0682594,100.9348887,0,-0.000192799,-0.000210445,-0.000199853,-0.000394486,0.796419877,0.034663434,0.023730951,0.005917987,0.090794902
9/1/23,635427.3389,634682.266,635808.7413,634082.7584,100.4,101.1360206,100.9400973,101.0520185,100.9092474,0,-0.000192799,-0.000180744,-0.000160705,-0.00025407,-0.263886358,-0.098347983,-0.109280484,-0.127093597,-0.042216646
10/1/23,634993.7389,634217.8714,635431.5085,634844.7232,100,101.0670078,100.8662398,100.9920632,101.0305081,-0.003992021,-0.000682609,-0.000731964,-0.000593487,0.001200959,-0.663419828,-0.252330097,-0.259210934,-0.257140507,-0.029438703
11/1/23,634560.4348,633699.6674,635037.8903,637798.3809,100.3,100.9980422,100.7838245,100.9295036,101.5005593,0.002995509,-0.000682608,-0.000817409,-0.000619643,0.004641777,-1.195290925,-0.427282837,-0.457555951,-0.387503974,0.741689288
12/1/23,634109.0561,633365.529,634489.6673,632767.2651,100.2,100.9261998,100.730683,100.842372,100.6998971,-0.000997506,-0.000711578,-0.000527421,-0.000863665,-0.007919531,-0.931006955,-0.627069056,-0.657342058,-0.587290025,0.541903242
1/1/24,636018.2845,634774.7204,635101.1618,636751.7433,100.7,101.2300768,100.9548013,100.9395596,101.3339952,0.004977611,0.00300636,0.002222454,0.000963293,0.006277166,0.531344379,-0.269684899,-0.390571729,-0.529419113,0.868171256
2/1/24,637933.2614,636536.5565,637597.7257,638285.9561,101,101.5348687,101.2350044,101.3363501,101.578153,0.002974717,0.003006359,0.002771686,0.003923265,0.002406538,1.591522267,0.64486935,0.435673132,0.19014479,0.224905588
3/1/24,639854.0041,639103.7412,640238.0638,638500.0569,101.5,101.8405784,101.6432904,101.7559912,101.6122255,0.004938282,0.00300636,0.004024941,0.004132521,0.000335375,3.576139392,2.124319182,1.915123131,1.669594678,1.704355481