DATE,CPI,PPI,Total_reserves,Exports,Imports,US imports,Exchange,Eff. Exchange Rate,Uncertainty
1994-01-01,4.04827106721691,157.1,26355.0026288031,57470009999.99999,73325050000.0,2763.1,8.7219,52.8,131.363480039216
1994-02-01,2.31036631637199,156.2,29065.1142945099,65716030000.0,72126390000.0,2499.2,8.7249,53.07,59.1435971255622
1994-03-01,1.1895064852058,157.5,29826.4625859565,75243830000.0,78142750000.0,2183.0,8.7241,53.23,156.86194075751
1994-04-01,2.30097202777385,156.2,31368.8510292932,80268800000.0,84897640000.0,2491.6,8.7251,54.17,164.194947454372
1994-05-01,1.16350158326248,158.0,31779.9440153072,82263200000.0,79498040000.0,2979.0,8.6859,54.52,38.9578216305092
1994-06-01,0.93188204950407,159.3,33100.3238783834,90208760000.0,85778950000.0,3463.3,8.6836,54.74,150.220555225315
1994-07-01,0.4411470288582589,159.4,36373.3989423732,89932750000.0,83988869999.99998,3645.4,8.6605,54.14,117.285298206172
1994-08-01,3.62583170769558,159.4,37561.6590662324,85558210000.0,83810190000.0,4165.8,8.6072,56.13,118.439165266996
1994-09-01,3.8486921108194494,158.1,41242.2886662382,87517180000.00002,78401820000.0,4134.4,8.5581,57.99,129.974206205103
1994-10-01,1.04317316175616,158.1,45004.1762384763,88920070000.0,83082930000.0,4101.2,8.5492,58.12,82.2094759684741
1994-11-01,0.7088230279010419,159.5,50293.5046571998,101127800000.0,82859440000.0,3534.3,8.537,58.74,134.985960616043
1994-12-01,1.40667207857889,160.2,52914.0628843961,109480100000.0,86560459999.99998,2826.5,8.5033,60.29,117.08423847274
1995-01-01,2.8875740133703,162.0,56098.0045807343,101849400000.0,76303050000.0,3450.6,8.4608,61.94,153.323633120957
1995-02-01,0.908853900119508,160.8,58718.6180460184,100155100000.0,85626719999.99998,3001.5,8.4553,61.96,97.9674531880432
1995-03-01,0.2801246662523448,162.2,59351.5649143833,110497700000.0,87524570000.0,2910.4,8.4483,60.16,166.829927515745
1995-04-01,1.7949485702642598,160.8,61406.2619837506,104962000000.0,91561730000.0,3148.3,8.4421,59.37,79.3167005658923
1995-05-01,0.8282459095593699,162.2,62157.7948307,105731100000.0,90943270000.0,3654.9,8.337,60.6,24.0960446662769
1995-06-01,-0.8300221346295559,162.3,64226.8603476054,110987900000.0,90530360000.0,3960.7,8.3206,59.96,97.7784152118356
1995-07-01,-0.833484966557932,164.4,67194.7521256488,102209000000.0,93160640000.0,4311.8,8.3207,59.88,226.482646627575
1995-08-01,1.6723018547276003,164.4,69086.9732410973,100257100000.0,93972690000.0,4804.7,8.3253,62.37,85.4767351180315
1995-09-01,2.6696231668727,162.9,71426.1819783994,101597000000.0,96964130000.0,4584.1,8.3374,64.74,144.163125683374
1995-10-01,0.0613060883098733,162.9,74656.3172369884,99854450000.0,92409030000.0,4714.3,8.3353,64.11,80.8379785116787
1995-11-01,-0.0997218397397147,164.3,76150.9534196291,95863580000.0,94559790000.0,3868.0,8.3334,64.5,161.490169458561
1995-12-01,0.4035473767888578,165.0,75376.7028695104,104637999999.99998,92932340000.0,3133.9,8.335,64.85,63.2844887603519
1996-01-01,1.85963272780506,166.1,77862.6213822107,97387230000.0,107306700000.0,3657.7,8.3384,66.78,65.0855485013196
1996-02-01,1.18658479763925,165.0,81560.6824941767,95938200000.0,93108630000.0,3539.6,8.3338,67.36,120.675513862322
1996-03-01,0.738862569892468,166.6,82701.2262608403,90764630000.0,96963100000.0,2863.7,8.3495,67.62,68.0594086378275
1996-04-01,1.70223992386538,165.0,83681.8711771112,96360310000.0,91952159999.99998,3247.9,8.3515,68.82,115.70675114772
1996-05-01,0.0929432263848267,167.0,86895.1129462122,100771500000.0,95858020000.0,3954.3,8.3479,68.69,84.1426680611322
1996-06-01,-1.10321654509733,167.5,88605.8899337074,100292400000.0,94867880000.0,4111.2,8.3424,68.55,65.9275111913031
1996-07-01,-1.10742695036933,167.4,91713.496132438,100986900000.0,90603250000.0,4816.7,8.3409,67.85,37.9951439802933
1996-08-01,1.4845422516605402,168.8,95214.9781541121,112748100000.0,93979080000.0,5495.7,8.3379,68.25,96.0541596760067
1996-09-01,2.00478755719946,167.2,97362.3188014037,108336900000.0,89167950000.0,5480.7,8.3341,69.82,28.5886944244671
1996-10-01,-0.311361776374038,167.2,100858.840427332,119473400000.0,92556690000.0,5812.9,8.3299,69.78,104.662207604088
1996-11-01,-0.1930876536995899,168.8,104325.739110838,108531300000.0,93144940000.0,4585.4,8.3294,69.54,41.7703682662905
1996-12-01,0.4974708128552099,169.5,107039.4250394,114825500000.0,102699100000.0,3947.0,8.329,70.36,76.8183841556326
1997-01-01,0.812477989390458,170.9,110628.892548475,121158600000.0,102450700000.0,4667.6,8.326,72.05,62.2342672281337
1997-02-01,0.8999370274034799,170.4,112219.437391715,109935700000.0,90986440000.0,4262.4,8.3227,74.02,46.343704348217
1997-03-01,-0.7874839337445941,172.2,113962.115609558,121961800000.0,95254930000.0,3628.6,8.3258,73.7,157.07197665166
1997-04-01,0.919915064896564,170.5,116285.679258191,123665800000.0,93921690000.0,4445.0,8.3257,74.59,78.716902869484
1997-05-01,-0.295013700151705,172.2,119475.753877887,127205100000.0,96926450000.0,4795.1,8.3229,73.06,148.016544896534
1997-06-01,-1.10321728010157,171.5,122825.295788803,125476400000.0,94691990000.0,5213.5,8.3224,71.81,83.1165492890968
1997-07-01,-1.20362500831254,171.3,127821.081334922,125953300000.0,101664300000.0,5777.2,8.3162,71.88,82.6536703015909
1997-08-01,0.694009510558744,171.5,132289.370011699,128326600000.0,96171580000.0,6073.6,8.3187,73.3,89.8370857566276
1997-09-01,1.90468466665378,169.8,136024.337008029,131464700000.0,95987140000.0,6561.4,8.3171,74.7,152.099399568796
1997-10-01,-0.605139395368346,169.8,139901.306521553,139450200000.0,104176600000.0,6606.5,8.3135,74.15,169.673114443053
1997-11-01,-0.586414760435353,171.4,141254.768803256,134954700000.0,98371990000.0,5425.7,8.3109,75.28,133.364730276389
1997-12-01,-0.1983571108982039,171.4,142762.467746157,124064300000.0,102073600000.0,5101.1,8.3099,78.69,64.0941363257594
1998-01-01,0.7120663285269269,173.0,143686.988633046,131991199999.99998,90481430000.0,5453.2,8.3094,81.32,165.724248325751
1998-02-01,0.497544663823544,174.0,143734.212597149,135816100000.0,105843800000.0,4559.6,8.3072,80.05,231.26226454975
1998-03-01,0.0070105714818336,176.0,143982.068008608,130456400000.0,96418580000.0,4798.1,8.3076,79.71,100.901273046531
1998-04-01,-0.0822695353361514,174.4,143375.274533384,131857800000.0,95156450000.0,5262.9,8.3058,79.41,77.8314600801307
1998-05-01,-0.995047534103579,176.0,144253.309729869,126335100000.0,95627110000.0,5539.4,8.3084,78.75,342.785276167142
1998-06-01,-1.40290516127302,176.0,143956.916512208,126095100000.0,95431210000.0,6020.2,8.31,79.2,204.802110148727
1998-07-01,-1.30372245306031,176.0,144240.917280558,128429000000.0,94399800000.0,6556.2,8.31,78.12,264.285071522122
1998-08-01,0.6940093382372408,176.0,144566.417182303,123479800000.0,93912960000.0,6779.9,8.31,79.3,181.13382290461
1998-09-01,1.8013337515676102,174.4,145015.692206636,120940700000.0,93846300000.0,7125.2,8.3055,78.85,287.566439352544
1998-10-01,-0.20150644981599,174.6,147711.166755627,117038100000.0,97556910000.0,7377.7,8.2778,75.47,125.732182633033
1998-11-01,-0.6869337266978641,176.2,148636.611037732,120140000000.0,96882890000.0,6374.1,8.2778,75.07,164.741132399008
1998-12-01,0.0036704584674503,177.1,149187.895723126,133325099999.99998,103052600000.0,5322.1,8.278,74.33,171.14349740744
1999-01-01,0.508607840722152,177.4,149207.768113283,116645100000.0,103621000000.0,5654.0,8.2789,74.46,260.050423803894
1999-02-01,0.3958263780898069,175.9,150410.673626038,119928000000.0,100736500000.0,5563.1,8.2781,75.88,212.133158330475
1999-03-01,-0.49961078150151,179.2,150496.520368301,123183100000.0,113933700000.0,5204.0,8.2792,76.67,309.743378274956
1999-04-01,-0.4892662196467569,177.6,150727.043993195,121337500000.0,110103500000.0,5818.9,8.2792,76.08,287.197806291863
1999-05-01,-0.995047443514525,179.2,150372.769437947,132552200000.0,118053400000.0,6363.1,8.2785,75.3,298.989173215704
1999-06-01,-1.3020895338868,179.2,150565.332052676,124537700000.0,114744900000.0,7117.4,8.278,74.6,188.436508336358
1999-07-01,-0.5980302248210239,179.5,152327.558341723,138500200000.0,112043700000.0,7405.7,8.2776,74.24,179.531378724069
1999-08-01,0.796134310295771,179.3,153996.099050142,143049300000.0,111409600000.0,8022.1,8.2772,73.3,271.313513336396
1999-09-01,2.3170439666803904,177.7,154730.813702348,143914400000.0,119693600000.0,8198.2,8.2774,74.01,330.86958486273
1999-10-01,-0.0002996304133588,178.7,156021.744388755,147209300000.0,119454900000.0,8207.9,8.2775,73.11,140.070108726809
1999-11-01,-0.986671971235882,180.3,156816.456199341,153100900000.0,127925400000.0,7543.5,8.2782,72.84,116.403514721453
1999-12-01,-0.0972406423236965,180.3,157727.874491999,142578900000.0,111912300000.0,6690.3,8.2794,72.46,245.872524916024
2000-01-01,1.32079767298601,183.6,159038.679287197,169272800000.0,156811000000.0,6902.1,8.2792,73.66,58.98450388
2000-02-01,1.30120023317524,183.6,159491.071781376,156484500000.0,149517600000.0,6584.4,8.2781,75.62,15.91917893
2000-03-01,-1.38888841226928,183.7,159768.697622768,166039700000.0,141551100000.0,6424.1,8.2786,74.21,46.51684733
2000-04-01,-0.588977135362396,183.4,159503.221442423,170298900000.0,150371300000.0,7070.5,8.2793,73.93,28.30297269
2000-05-01,-0.5978365675940339,183.6,160700.953111738,169492700000.0,143778600000.0,7850.2,8.2781,74.7,31.42203087
2000-06-01,-0.907692331995674,183.6,161285.029278391,180446800000.0,159186500000.0,8541.7,8.2772,73.01,43.22094891
2000-07-01,-0.598029080629394,185.8,161366.852599243,173414100000.0,159315300000.0,9246.4,8.2794,73.07,42.66123811
2000-08-01,0.595543856881342,185.9,161723.918451413,180467900000.0,163865300000.0,10054.0,8.2796,73.82,27.39628704
2000-09-01,2.01101145596716,185.9,162584.738062327,178614200000.0,161255100000.0,10061.7,8.2785,75.46,31.49993892
2000-10-01,-0.0002996304133588,186.5,163801.116173331,183051600000.0,163172700000.0,10611.6,8.2785,76.01,42.28805325
2000-11-01,0.3005013369379749,183.7,166363.192898679,174543900000.0,165488600000.0,9066.8,8.2774,76.8,10.11133275
2000-12-01,0.1000003324776199,183.3,168277.583225843,164149900000.0,155450500000.0,7604.7,8.2771,76.65,48.47464547
2001-01-01,1.02132845811215,184.5,171297.996464822,164299500000.0,149217000000.0,8427.5,8.2776,77.65,52.62861578
2001-02-01,0.099999479828789,185.4,178004.336275008,203495100000.0,207238600000.0,6375.6,8.2771,77.82,40.72209758
2001-03-01,-0.5999994960360279,186.1,178890.607121921,191983700000.0,167394000000.0,7590.2,8.2775,78.63,58.16461627
2001-04-01,0.200000057210781,186.5,180226.391799438,185321400000.0,170307600000.0,7686.8,8.2771,79.59,26.10220578
2001-05-01,-0.5000008367605229,186.9,182044.244664213,176895300000.0,161148600000.0,7757.9,8.277,78.65,27.74165868
2001-06-01,-1.19999919267324,187.7,183861.426269471,181740800000.0,171451200000.0,8398.2,8.277,78.42,41.25226474
2001-07-01,-0.500000866200317,187.8,187518.467020456,182576500000.0,166093100000.0,8975.3,8.2769,78.61,30.33482603
2001-08-01,0.1000008866557989,187.8,193173.325690715,183134900000.0,172324900000.0,10042.9,8.277,76.97,38.78087531
2001-09-01,0.899999660169958,189.5,199284.459326622,187304500000.0,170993000000.0,9927.8,8.2768,77.0,43.49153501
2001-10-01,0.300000094662422,189.5,206519.601209571,182544900000.0,162694500000.0,10808.3,8.2768,77.62,51.09976936
2001-11-01,-0.2000005861449118,189.4,211793.186859127,188720800000.0,163297700000.0,8878.8,8.2769,78.22,53.28476419
2001-12-01,0.1000006082241139,189.6,215605.12761714,186343300000.0,171795400000.0,7409.1,8.2764,78.85,60.70131235
2002-01-01,0.299999464979251,189.6,220749.352021115,206195100000.0,175562700000.0,8415.4,8.2771,80.18,62.38264445
2002-02-01,1.1000003212421,189.7,226702.714441095,202901600000.0,177449700000.0,8020.8,8.2767,81.39,40.89060422
2002-03-01,-1.2999995292639,188.9,230869.7799898,200444300000.0,183687600000.0,7259.0,8.2773,79.54,54.13427806
2002-04-01,-0.3000008634533739,188.9,237171.081493257,214060600000.0,193793800000.0,9097.6,8.2772,78.64,45.87688992
2002-05-01,-0.2999996541773389,188.5,241895.995832462,210218700000.0,192037700000.0,9846.9,8.277,76.57,46.98545817
2002-06-01,-0.9000001479416829,188.6,246749.033212394,216948800000.0,194070600000.0,10727.2,8.2767,74.74,30.36735404
2002-07-01,-0.699999484562464,190.5,250497.704444735,230099000000.00003,208785800000.0,11213.2,8.2768,72.9,54.34513958
2002-08-01,0.299999695261628,190.7,257203.844358333,232823200000.0,217630999999.99997,12671.4,8.2767,73.44,44.13366267
2002-09-01,0.999999645535294,190.7,262963.752083573,245351000000.0,225382500000.0,12291.5,8.277,74.21,55.47708073
2002-10-01,0.2000003228787479,190.8,269869.281136711,240788300000.0,219004500000.0,11455.0,8.2772,74.71,56.66385825
2002-11-01,-0.0999997047853609,190.8,278983.317293904,246765200000.0,233741300000.0,12569.6,8.2772,73.83,59.87563908
2002-12-01,0.299999895820149,191.1,291127.828205212,240709900000.0,222476600000.0,11625.0,8.2777,73.68,91.01698588
2003-01-01,1.09999965044341,191.0,309214.804676939,278061900000.0,276888900000.0,11403.497575,8.2775,73.16,46.17538027
2003-02-01,0.8999997974873639,191.7,312923.757857695,261140800000.0,258620400000.00003,9629.62711,8.278,73.58,27.99059579
2003-03-01,-0.599999222630276,191.7,320871.132055435,270826199999.99997,263706700000.0,10110.044562,8.2773,72.83,71.17307215
2003-04-01,-0.2000000709174699,191.7,331066.125716002,285426300000.0,259522200000.0,11521.852382,8.2772,72.63,101.5685022
2003-05-01,-0.700000121393462,193.1,344978.655576366,292082300000.0,275603900000.0,11884.701493,8.2769,70.13,68.83051993
2003-06-01,-1.20000023455945,193.1,351364.071440979,284136600000.0,267216900000.0,12127.301429,8.2771,69.34,54.98127915
2003-07-01,-0.5000001156862839,192.4,361340.26170836494,300764300000.0,283565400000.0,13438.63509,8.2773,69.64,85.33410614
2003-08-01,0.699999796784411,192.4,369553.45745073503,300998900000.0,287805100000.0,13764.867008,8.277,70.25,61.09827881
2003-09-01,1.20000067066852,192.4,388880.947314992,319680700000.0,309496300000.0,14747.525418,8.2772,69.88,49.72216012
2003-10-01,0.899999967261047,192.4,405995.35378104093,329984600000.0,305010000000.0,16458.317607,8.2768,68.7,62.86618255
2003-11-01,0.99999987217873,192.4,425427.33014360303,331428800000.0,309881600000.0,14156.947961,8.2769,69.73,38.85626513
2003-12-01,0.5999996612200899,192.4,408150.65904859296,358104200000.0,325340500000.0,13192.779263,8.277,68.9,53.13373679
2004-01-01,1.10000023515092,193.1,420607.50831238495,333885000000.0,324950700000.0,14089.015496,8.277,68.79,55.86837054
2004-02-01,-0.1999998009085459,193.6,431539.43003839295,364176800000.0,444213600000.0,11267.147675,8.2771,68.34,57.55554258
2004-03-01,0.300000033568098,193.6,444427.21791952493,379039200000.0,358296200000.0,13800.119971,8.2771,69.03,47.8987523
2004-04-01,0.4999997513828129,193.6,453536.526608448,378908200000.0,369921900000.0,14744.78415,8.2769,69.5,58.92070524
2004-05-01,-0.0999996726968333,194.9,463079.60453659506,391888900000.0,383223900000.0,15067.110923,8.2771,70.16,37.12159777
2004-06-01,-0.700000284772125,194.9,475113.826642718,409703200000.0,391779000000.0,16887.762591,8.2767,68.97,51.07455418
2004-07-01,-0.200000443117545,195.8,487419.501290114,407123600000.0,390289900000.0,17562.099879,8.2767,68.66,47.37072801
2004-08-01,0.7000007476976969,195.8,500639.910579794,408929300000.0,382121700000.0,18067.867052,8.2768,69.25,44.32878307
2004-09-01,1.09999973659375,196.2,519001.10729238,426793900000.0,380416300000.0,18386.945745,8.2767,69.51,34.60433438
2004-10-01,0.0,196.2,546984.983381544,434089900000.0,409228200000.0,19718.157481,8.2765,68.3,61.89868006
2004-11-01,-0.29999988294564,196.2,578446.7364525511,469868500000.0,407603800000.0,19678.992143,8.2765,66.58,48.65249522
2004-12-01,0.10000008805492,196.4,614499.524349601,476056600000.0,405866999999.99994,17412.030829,8.2765,65.6,73.23189522
2005-01-01,0.5999998694683759,196.8,627984.738757848,473537800000.0,412019100000.0,17885.84061,8.2765,66.4,48.80532803
2005-02-01,1.79999968407947,197.8,647002.582022716,477341900000.0,419893100000.0,16937.594812,8.2765,67.47,39.65326665
2005-03-01,-0.899999710908624,199.5,663190.352634124,505375500000.0,428486700000.0,16184.944952,8.2765,66.05,41.16379089
2005-04-01,-0.3000004893014069,199.5,674843.153489127,507051900000.0,443374800000.0,18148.45816,8.2765,66.39,79.47127508
2005-05-01,-0.200000117785702,199.5,695037.345709604,505989800000.0,434829900000.0,19053.18688,8.2765,66.34,23.71642907
2005-06-01,-0.79999914574739,199.5,714950.154306332,532796799999.99994,452084800000.0,20976.701857,8.2765,66.92,46.79182074
2005-07-01,0.0,199.5,736337.727544884,526046100000.0,448408900000.0,21272.66946,8.2264,68.15,61.57892682
2005-08-01,0.1999992257278269,199.5,756562.161935335,524190900000.00006,449366200000.0,22421.292348,8.1017,68.18,59.42799789
2005-09-01,0.6999999557095488,199.6,772265.461279007,525798199999.99994,459306900000.0,23294.481679,8.0919,68.37,69.96823336
2005-10-01,0.400000767355265,199.6,788161.7623846979,550559600000.0,492157100000.0,24382.852726,8.0895,69.26,52.49449423
2005-11-01,-0.300000033554552,200.3,797452.7106286141,541967300000.0,479473500000.0,22426.128316,8.084,70.36,35.51594974
2005-12-01,0.3999995363017779,200.3,821513.8496955661,559023100000.0,495048100000.0,20485.952995,8.0755,70.22,64.14776984
2006-01-01,1.30000014525954,203.3,847811.045425966,575779200000.0,484447300000.0,21382.505907,8.0654,69.66,97.78352513
2006-02-01,0.499999494439322,204.5,856228.309677392,568071600000.0,520755500000.0,17905.353467,8.0512,70.66,63.49165087
2006-03-01,-0.8999995061008341,204.9,877636.674334365,637476800000.0,506795100000.0,20531.25833,8.035,69.68,55.14808161
2006-04-01,0.199999900323085,204.9,897492.4276156591,619337500000.0,512585000000.00006,21459.069933,8.0143,68.94,59.35218542
2006-05-01,-0.1000002265886968,205.2,927527.635605136,606294300000.0,502695600000.0,22317.635131,8.0131,67.15,37.87595456
2006-06-01,-0.5000000599309449,205.2,943610.128048239,636249100000.0,523671300000.0,23989.699396,8.0042,67.7,46.96744424
2006-07-01,-0.299999362466483,205.2,957068.5473634701,624219300000.0,521520400000.0,24632.010765,7.9897,67.53,55.85743267
2006-08-01,0.299999584542172,205.2,974583.8495294768,680313100000.0,546806900000.00006,26713.335235,7.9722,67.44,59.3136178
2006-09-01,0.500000347495961,205.2,990451.042782375,679650800000.0,562246600000.0,27570.617915,7.9334,68.51,24.8763386
2006-10-01,0.0999995389771757,205.2,1012004.36698892,689933200000.0,544851000000.0,29388.601739,7.9018,69.14,70.7632217
2006-11-01,0.3000001271151879,205.2,1040927.09429174,696591000000.0,550768500000.0,27775.079221,7.8622,69.12,59.04700638
2006-12-01,1.3999999981632598,205.5,1068493.0298699,686277600000.0,559570000000.0,24109.185573,7.8219,69.37,64.14934971
2007-01-01,0.7000003731441679,207.1,1106814.55681381,721016400000.0,571975700000.0,25640.562672,7.7876,70.87,28.99723042
2007-02-01,0.99999931646057,207.2,1159368.96489418,833722100000.0,562400900000.0,23038.880362,7.7502,71.84,39.75543733
2007-03-01,-0.29999955030301,209.2,1204035.01302551,676096700000.0,577511500000.0,22723.044235,7.7369,70.69,60.24590986
2007-04-01,-0.100000051803764,209.2,1248568.50482287,755165200000.0,593753700000.0,24241.522773,7.7247,69.82,41.06160056
2007-05-01,0.300000050961567,209.3,1294638.17438851,743453000000.0,567480300000.0,25290.574442,7.6773,70.29,37.01333131
2007-06-01,0.3999999001644979,209.3,1334590.64347105,782099600000.0,587636300000.0,27070.961198,7.6333,71.07,44.43644407
2007-07-01,0.899999650192138,209.3,1387187.80610763,779300700000.0,607932900000.0,28601.170814,7.5757,71.33,58.83501566
2007-08-01,1.20000036956552,209.3,1410611.66316675,790683000000.0,619499200000.0,28424.501435,7.5734,72.07,50.13804935
2007-09-01,0.2999998374064848,209.3,1435612.75819148,798222000000.0,637447100000.0,29418.96253,7.521,71.88,59.03321823
2007-10-01,0.3000006215554379,209.4,1456922.15375968,793896500000.0,643179600000.0,31555.406402,7.5019,70.88,55.08271211
2007-11-01,0.6999993059746719,209.7,1498941.89151449,801186500000.0,648110300000.0,29780.718791,7.421,70.94,46.67106496
2007-12-01,1.00000050638672,210.0,1530281.62304337,785023700000.0,666590100000.0,25656.56128,7.3682,72.34,84.05054526
2008-01-01,1.1999997382663,211.1,1591861.82800488,837470000000.0,668774500000.0,26193.032145,7.2405,73.71,82.04292545
2008-02-01,2.60000041481587,210.4,1649221.31336728,823148900000.0,677858600000.0,24095.886455,7.1644,75.96,54.38575826
2008-03-01,-0.700000765231196,210.2,1684280.18454895,821826700000.0,680058700000.0,22440.24177,7.0722,74.01,135.9465055
2008-04-01,0.100000002472598,210.1,1758731.65941541,833047900000.0,675578300000.0,25951.666996,6.9997,74.38,91.60267924
2008-05-01,-0.3999997464004609,210.1,1799217.17869379,866511900000.0,724551400000.0,27634.532443,6.9725,74.65,67.59962873
2008-06-01,-0.199999963625995,212.1,1811063.3777328297,831507100000.0,693989100000.0,27930.640534,6.8993,75.03,62.94436205
2008-07-01,0.1000003387904299,212.1,1847384.57503388,875208200000.0,708857700000.0,31247.270669,6.8355,75.0,126.0443442
2008-08-01,-0.1000005668450189,212.3,1886314.0799098297,888068800000.0,721954400000.0,31823.697889,6.8462,76.74,128.4167412
2008-09-01,0.0,213.0,1907729.46041307,862776900000.0,673455800000.0,33078.730631,6.8307,78.86,103.9330504
2008-10-01,-0.2999996603808688,213.3,1881712.89473872,861668900000.0,681067800000.0,34032.388283,6.8358,82.28,150.5302522
2008-11-01,-0.799999667667267,213.3,1887930.46422699,733214500000.0,513218300000.0,28265.02503,6.8281,84.46,126.0783957
2008-12-01,-0.200000150755786,213.3,1949259.95357011,687247600000.0,464959000000.0,25079.514978,6.8539,82.49,125.1415112
2009-01-01,0.899999566128172,213.8,1916573.56459279,651195900000.0,364232900000.0,24743.457402,6.836,84.08,133.947781
2009-02-01,0.0,213.9,1915104.66791197,604449000000.0001,508787000000.0,18845.49521,6.8363,86.34,102.8741879
2009-03-01,-0.2999998777364278,213.9,1956829.62150994,652063700000.0,482821300000.0,21224.713513,6.836,86.16,116.0514077
2009-04-01,-0.200000245262934,213.8,2011977.46006932,634769900000.0,516848600000.00006,21920.595248,6.8306,84.16,81.10388061
2009-05-01,-0.2999993062034329,214.0,2093082.5050389,625084600000.0,539229100000.0,22734.147846,6.8235,81.45,57.25819516
2009-06-01,-0.500000352134187,213.9,2135201.11130393,643427400000.0,586963200000.0,23972.774237,6.8334,79.85,179.8466198
2009-07-01,0.0,213.9,2178216.98480221,671999200000.0,609335900000.0,25671.084409,6.8317,79.53,134.7848897
2009-08-01,0.5000000337051239,214.0,2223850.56407389,682327500000.0,604651600000.0,25798.119656,6.8323,78.9,121.9350516
2009-09-01,0.3999893223539578,214.0,2288469.2964998,733231400000.0,652907600000.0,27893.916592,6.8277,78.15,190.3161026
2009-10-01,-0.0975391409206854,214.0,2344287.16672549,751411300000.0,651819600000.0,29557.782865,6.8267,76.91,121.2544527
2009-11-01,0.3009278609044599,214.0,2405300.40024211,722103100000.0,639277300000.0,27541.720775,6.8271,76.74,123.0599435
2009-12-01,1.00008334027836,214.0,2416043.68706779,803106300000.0,713194200000.0,26470.075735,6.8275,77.98,103.5806473
2010-01-01,0.594108424787533,217.2,2431961.07061391,784158800000.0,676526900000.0,25215.919006,6.8269,78.56,119.1620388
2010-02-01,1.20580756295627,217.9,2441208.18174036,891300500000.0,734374300000.0,23342.777514,6.8285,80.56,106.0494584
2010-03-01,-0.7051385962068359,217.0,2463547.33339212,795540500000.0,767240500000.0,24292.213197,6.8262,79.39,143.9223773
2010-04-01,0.204064974287816,216.3,2506900.07269744,825767500000.0,777221300000.0,25920.188141,6.8256,79.35,95.04216108
2010-05-01,-0.0977517106549453,216.6,2456191.41012495,913293700000.0,791295500000.0,29052.438345,6.8275,81.36,106.9251537
2010-06-01,-0.603392041748196,216.6,2471211.2385356,918054300000.0,795644700000.0,32843.100035,6.8184,81.76,138.4905103
2010-07-01,0.4019688269072879,216.6,2556433.0435921694,926387200000.0,775749200000.0,33266.833594,6.7762,80.87,127.5013123
2010-08-01,0.5964539586567689,217.4,2565270.15783765,903551900000.0,805637700000.0,35375.288431,6.7873,80.03,95.15978271
2010-09-01,0.601039636127334,217.6,2666868.03530934,912020200000.0,812028200000.0,35196.698854,6.7396,80.02,82.11461538
2010-10-01,0.702405942192804,217.8,2779799.81969847,917333700000.0,817418500000.0,35083.299437,6.6678,78.83,97.89968256
2010-11-01,1.09837248456665,217.8,2786104.34116685,947836800000.0,844853700000.0,34564.293893,6.6538,80.36,93.28746339
2010-12-01,0.4996034892942429,217.8,2866079.31631538,924668100000.0,867562900000.0,30799.583148,6.6497,81.39,125.7659377
2011-01-01,1.00213051369051,218.3,2952375.23179327,1032565000000.0,968283300000.0,31377.353746,6.5964,81.67,155.0462553
2011-02-01,1.19531249999999,220.2,3012155.33058574,893759100000.0,841706700000.0,27244.735813,6.5761,82.1,59.00743678
2011-03-01,-0.200725700609886,220.3,3067170.82174377,1031146000000.0,927224700000.0,27599.666857,6.5645,80.82,120.7701324
2011-04-01,0.100564709522709,220.1,3168475.71207907,1031864000000.0,937963900000.0,29580.282706,6.5267,79.9,135.1717412
2011-05-01,0.1004636785162118,221.4,3188318.66466304,1012292000000.0,937251300000.0,32788.071613,6.4957,80.03,74.12288335
2011-06-01,0.3010885509148389,221.9,3219760.43998319,1024203000000.0,914611200000.0,34374.830793,6.4746,80.29,102.6547133
2011-07-01,0.500307881773423,219.2,3267381.82887614,1076816000000.0,951098400000.0,35152.243254,6.4575,80.54,99.84159509
2011-08-01,0.2986903576625499,219.6,3284372.71184071,1049665000000.0,972319200000.0,37374.136523,6.4036,81.2,140.2647613
2011-09-01,0.5039706780696279,219.2,3222986.86029712,1015395000000.0,932305600000.0,36418.64286,6.3885,83.8,142.514988
2011-10-01,0.0987691840145921,219.2,3295496.01502801,1017818000000.0,995412200000.0,37824.071703,6.371,84.83,157.7215381
2011-11-01,-0.1973434535104459,219.5,3242161.71188679,1036704000000.0,980485400000.0,36764.911636,6.3564,85.39,161.8502214
2011-12-01,0.296600501939325,222.8,3202788.47356349,1009410000000.0,939663300000.0,32872.285127,6.3482,86.7,159.6143965
2012-01-01,1.50136487716106,225.3,3275782.90907695,964055000000.0,767057900000.0,34417.54042,6.3172,87.92,120.4490894
2012-02-01,-0.1045868818168349,224.9,3331301.91309923,1006313000000.0,1084993000000.0,28105.186419,6.2997,86.73,139.152505
2012-03-01,0.2019144481005238,224.4,3326601.46003513,1087269000000.0,953879000000.0,31431.348931,6.3125,86.92,136.7797916
2012-04-01,-0.0970221658332757,229.2,3320613.10441844,1042005000000.0,917011300000.0,33016.253834,6.3043,86.79,126.3162952
2012-05-01,-0.2988196623337819,227.6,3226641.24134358,1116857000000.0,1008026000000.0,34937.829923,6.3242,87.53,133.1500448
2012-06-01,-0.5994305409860629,231.2,3260684.00799596,1134077000000.0,985481500000.0,35949.359451,6.3633,87.4,139.038172
2012-07-01,0.0962611186491748,231.2,3260210.087165,1071578000000.0,962262700000.0,37930.755206,6.3717,87.33,120.4032902
2012-08-01,0.596666709341303,232.0,3292652.89868711,1073117000000.0,947669000000.0,37280.629144,6.3593,86.98,78.76684521
2012-09-01,0.3069321754753769,232.0,3305307.03321104,1131869000000.0,986779200000.0,37891.823059,6.32,86.3,120.4692178
2012-10-01,-0.1044854093589189,232.0,3307207.4343590494,1092560000000.0,948270400000.0,40257.083524,6.2627,86.49,113.1046342
2012-11-01,0.1045946955547369,232.6,3317109.77159393,1048588000000.0,958043000000.0,39543.693182,6.2338,88.01,122.3191181
2012-12-01,0.7985670572430729,233.2,3331120.01377381,1133479000000.0,987815100000.0,34857.579544,6.2328,88.26,142.077437
2013-01-01,0.9995557529986648,233.1,3430093.73075334,1156868000000.0,968284100000.0,37193.658803,6.2215,89.5,130.1575789
2013-02-01,1.09962612711678,234.9,3414507.25810586,1231823999999.9995,957080300000.0,32742.677585,6.2323,90.97,84.2713502
2013-03-01,-0.899137118410564,234.6,3461598.81266941,1195253000000.0,1099740000000.0,27294.067203,6.2154,91.25,90.5134379
2013-04-01,0.1977024950611049,234.7,3553491.22942367,1155668999999.9995,1023226000000.0,33131.926306,6.1861,92.14,119.6711113
2013-05-01,-0.5989475698151518,235.2,3533032.6979294494,1091260000000.0,982430700000.0,36617.62364,6.1416,92.93,71.52192778
2013-06-01,0.0,236.9,3515214.99129208,1077656000000.0,965862500000.0,35885.978832,6.1342,92.96,102.7161109
2013-07-01,0.098883338230973,236.4,3566613.02673624,1079997000000.0,999913200000.0,38800.430628,6.1343,93.75,76.2399961
2013-08-01,0.503028888565957,236.8,3571166.0004864,1118597000000.0,998444000000.0,39161.299515,6.1213,93.8,100.9112249
2013-09-01,0.7969913830874878,238.9,3681034.3660614705,1084231000000.0,990670500000.0,40144.392508,6.1198,94.07,100.9327663
2013-10-01,0.1004119352553058,238.8,3754808.12510574,1121106000000.0,980201700000.0,41845.472131,6.1032,93.05,153.1258459
2013-11-01,-0.1003835854382199,239.1,3807719.5922812894,1165445000000.0,1002725000000.0,40112.279565,6.0929,94.2,120.5846365
2013-12-01,0.3000044192875069,238.7,3839547.7602529298,1129318000000.0,999199300000.0,37500.212876,6.0738,95.04,124.1559747
2014-01-01,0.999960995453802,239.2,3884644.30472166,1234782000000.0,1053202000000.0,38377.19956,6.0509,96.85,103.5485547
2014-02-01,0.5000364729120689,240.2,3931977.4257489103,988490100000.0,1051052000000.0,30700.352329,6.0816,96.78,70.57914407
2014-03-01,-0.500039137829193,241.0,3966050.5506524704,1123448999999.9995,991715800000.0,31420.875281,6.1729,93.92,99.97414417
2014-04-01,-0.3000150901511459,241.5,3996796.52761301,1172321000000.0002,1042384000000.0,36450.218795,6.2246,91.82,129.5463889
2014-05-01,0.0999951221891711,241.5,4001511.50036582,1194778000000.0,1016808000000.0,38188.13577,6.238,91.31,77.43149688
2014-06-01,-0.0976020844709594,241.9,4010833.6082830704,1161836000000.0,1002545000000.0,39607.118661,6.2306,91.32,105.8055156
2014-07-01,0.100423212108161,242.2,3984242.5736623504,1251757000000.0,986323700000.0,40319.618346,6.1984,91.83,94.60066506
2014-08-01,0.2006449301325909,242.2,3986410.9099007,1241417000000.0,995540300000.0,40093.817085,6.1541,93.39,77.59931977
2014-09-01,0.493456339841224,242.2,3904950.2869828497,1239134000000.0,1027964000000.0,45102.77541,6.1382,95.63,107.9098285
2014-10-01,0.0030600626245424,241.4,3869760.7707181694,1252495000000.0,1007624000000.0,45335.351722,6.1251,97.15,99.81389864
2014-11-01,-0.1999654152342439,241.9,3864037.22156732,1239631000000.0,950130600000.0,42483.529438,6.1249,99.28,120.1338512
2014-12-01,0.297126493743389,243.0,3859167.9629910896,1240463000000.0,951045400000.0,40395.902459,6.1886,100.48,58.89923617
2015-01-01,0.3057016920233179,245.0,3829024.27032946,1241663000000.0,912604400000.0,38589.696731,6.2181,102.17,98.03493372
2015-02-01,1.1971082287901202,245.6,3816861.98840706,1503138000000.0,877886400000.0,31563.988155,6.2518,103.72,95.11193973
2015-03-01,-0.5000035019155469,245.6,3744729.0009252895,962330500000.0,875970500000.0,41136.91753,6.2386,104.58,116.265651
2015-04-01,-0.1999787421400409,245.2,3763465.0106367297,1091545000000.0,880140100000.0,36121.394467,6.201,103.97,63.93907057
2015-05-01,-0.2000268018987119,245.4,3726293.54468724,1155915000000.0,857392100000.0,39082.029905,6.2035,102.61,68.25076576
2015-06-01,0.0018374895934469,245.7,3708950.61097492,1154791000000.0002,894945700000.0,41453.839795,6.2052,103.24,95.53624936
2015-07-01,0.2981893992932759,245.9,3666142.4393124096,1139547000000.0,895667300000.0,41215.078176,6.2085,104.85,133.6395202
2015-08-01,0.4999663970203279,245.9,3572636.7998686,1203021000000.0,877816000000.0,44138.055272,6.3383,104.38,60.20590772
2015-09-01,0.1000480258568468,245.8,3529276.37548236,1232482000000.0,851099400000.0,45724.951242,6.3676,104.31,96.43061547
2015-10-01,-0.299984170809584,245.9,3540505.958348,1217029000000.0,860870200000.0,44309.93252,6.3505,103.36,87.33976499
2015-11-01,0.0028803077573823,246.4,3453059.08778292,1181534000000.0,868241400000.0,41884.774152,6.364,104.99,96.07801009
2015-12-01,0.5,246.6,3345193.76388814,1256762000000.0,900085700000.0,37980.997419,6.4491,104.47,94.53806507
2016-01-01,0.5,246.8,3244925.23018815,1125260000000.0,803395100000.0,37126.43412,6.5726,104.07,127.4782714
2016-02-01,1.6,247.7,3223325.31797588,1127691000000.0,765097000000.0,36066.892525,6.5501,105.05,108.0552358
2016-03-01,-0.4,247.8,3233786.80442482,1079510000000.0,823582800000.0,29812.326908,6.5027,103.27,155.2279389
2016-04-01,-0.2,247.8,3240866.5288199894,1097201000000.0,842643300000.0,32920.204539,6.4754,101.35,165.2380053
2016-05-01,-0.5,247.8,3212599.11548778,1124370000000.0,873959400000.0,37513.726589,6.5259,100.55,117.5464314
2016-06-01,-0.1,248.4,3226017.21413084,1139131000000.0,863996000000.0001,38539.190214,6.5892,98.95,131.4570154
2016-07-01,0.2,248.5,3221190.12194031,1171627000000.0,888911999999.9999,39438.857738,6.6771,97.97,112.3994755
2016-08-01,0.1,249.0,3205213.40622211,1188545000000.0,893558900000.0,43221.774205,6.6466,97.25,116.325771
2016-09-01,0.6999999999999998,249.2,3186399.58976478,1156147000000.0,879518300000.0,42020.928547,6.6702,97.59,147.5645526
2016-10-01,-0.1,249.1,3140566.61291253,1199958999999.9995,921056800000.0,43798.098424,6.7303,97.39,106.809263
2016-11-01,0.1,249.2,3071217.01162747,1229003000000.0,954208500000.0,42602.631733,6.8402,97.95,133.0970927
2016-12-01,0.2,249.3,3029775.3053784,1272938999999.9995,1034357000000.0,39358.926061,6.9198,98.81,130.5673617
2017-01-01,1.0,249.9,3017673.92810574,1245668000000.0,954564600000.0,41335.553396,6.8907,99.21,306.037496
2017-02-01,-0.2,251.3,3024529.86397034,1183761000000.0,1121774000000.0,32784.957412,6.8694,98.25,176.3995805
2017-03-01,-0.2999999999999999,251.5,3028475.17207416,1321747999999.9995,1040799000000.0,34161.993661,6.894,96.91,349.0531329
2017-04-01,0.1,251.5,3049091.07619464,1273332000000.0,1024114000000.0,37441.870879,6.8876,96.08,174.1927712
2017-05-01,-0.1,251.5,3073321.27648482,1268405000000.0,1021208000000.0,41756.844722,6.8843,95.33,130.7553519
2017-06-01,-0.2,251.4,3076295.07638857,1291650000000.0,1045705000000.0,42258.078621,6.8066,95.59,227.6597283
2017-07-01,0.1,251.4,3099711.35813974,1265428000000.0,1010009000000.0,43561.110857,6.7694,95.69,228.2414925
2017-08-01,0.4,252.2,3110825.11074332,1257407000000.0,1016366000000.0,45782.311949,6.667,96.27,164.6848328
2017-09-01,0.5,252.2,3127808.2178553,1241252000000.0,1051229000000.0,45405.051275,6.569,97.57,206.3844492
2017-10-01,0.1,251.7,3128204.72403403,1246284000000.0,1039844000000.0,48133.149629,6.6254,97.84,142.533602
2017-11-01,0.0,251.7,3138006.43387096,1329283000000.0,1102226000000.0,48104.793415,6.62,97.73,206.0377588
2017-12-01,0.2999999999999999,251.7,3158876.94721304,1360379000000.0,1098349000000.0,44439.382241,6.5932,97.89,167.6842327
2018-01-01,0.5999999999999999,253.3,3180492.33525188,1260597000000.0,1166076000000.0,45681.310362,6.4233,98.79,265.0796087
2018-02-01,1.2,261.2,3153325.38410421,1565757000000.0,1089907000000.0,38956.173961,6.3183,101.14,149.602152
2018-03-01,-1.1,264.6,3161783.55072097,1193094000000.0,1121625000000.0,38273.829291,6.3174,99.64,254.1363255
2018-04-01,-0.2,264.6,3143582.22242371,1302362000000.0,1107185000000.0,38227.767574,6.2967,99.89,241.739357
2018-05-01,-0.2,264.6,3128983.62539914,1323616000000.0,1188943000000.0,43866.578304,6.3701,100.52,210.7990925
2018-06-01,-0.1,264.6,3131516.98954073,1369362999999.9995,1159325000000.0,44524.005052,6.4651,99.84,203.0892821
2018-07-01,0.2999999999999999,264.6,3137279.05221751,1388415000000.0,1244065000000.0,47009.750007,6.7164,96.96,395.6720601
2018-08-01,0.6999999999999998,264.6,3129124.60150958,1407497999999.9995,1240830000000.0,47796.194112,6.8453,96.09,269.4765344
2018-09-01,0.6999999999999998,264.5,3106349.96905752,1491319000000.0,1279121000000.0,49938.049895,6.8551,96.64,314.0877032
2018-10-01,0.2,264.5,3072488.04475048,1474269000000.0,1268750000000.0,52081.070497,6.9191,96.27,343.3703494
2018-11-01,-0.2999999999999999,264.6,3081044.67262929,1455829000000.0,1191002000000.0,46344.570969,6.9367,96.23,438.2358972
2018-12-01,0.0,264.6,3091881.25719908,1366151000000.0,1091337000000.0,45814.858502,6.8837,97.1,248.4691029
2019-01-01,0.5,266.2,3107195.14169596,1437300000000.0,1224585000000.0,41302.50818,6.7863,97.93,288.099468498562
2019-02-01,1.0,267.4,3109442.78919924,1309259000000.0,1117349000000.0,33027.758098,6.7367,99.88,239.986444362618
2019-03-01,-0.4,267.4,3117892.6341654,1458079000000.0,1144523000000.0002,31078.662933,6.7119,99.75,411.150064266454
2019-04-01,0.1,267.4,3114006.70531411,1341214000000.0,1217651000000.0,34499.454932,6.7161,99.45,319.414764482013
2019-05-01,0.0,268.5,3119969.247138,1440125000000.0,1190533000000.0002,39023.881706,6.8519,98.0,365.101499996138
2019-06-01,-0.1,268.5,3138278.57135608,1452523000000.0,1180332000000.0,38732.97518,6.8977,96.57,649.072535816154
2019-07-01,0.4,269.1,3123085.56717951,1445125000000.0,1180899000000.0,41237.166159,6.8775,97.19,375.902337503833
2019-08-01,0.6999999999999998,269.1,3126444.12266886,1461782000000.0002,1235979000000.0,40955.642945,7.0629,96.12,395.985799059666
2019-09-01,0.9,269.1,3111631.04653236,1477180000000.0,1191460000000.0,39866.673154,7.1137,96.25,347.394796595017
2019-10-01,0.9,269.1,3124582.84972509,1478465000000.0,1209451000000.0,39794.889454,7.0961,96.95,234.095232475743
2019-11-01,0.4,269.1,3114954.95000995,1451730000000.0,1237643000000.0,36172.914882,7.0199,98.34,396.179000284422
2019-12-01,0.0,269.1,3127493.85803636,1492614000000.0,1264899000000.0,33418.149084,7.0137,98.02,337.921465033862
2020-01-01,1.4,270.4,3134967.867876,1410817000000.0,1086104000000.0,32944.673286,6.9184,100.06,250.321903500956
2020-02-01,0.8,278.6,3125925.09976201,790233300000.0,1215138000000.0,22576.609689,6.9967,101.4,195.706169373674
2020-03-01,-1.2,278.3,3079722.20775642,1402516000000.0,1149450000000.0,19638.123468,7.0205,101.23,219.402508980348
2020-04-01,-0.9,278.3,3111307.01994674,1460402999999.9995,1105139000000.0,30730.147843,7.0708,100.88,328.805400300115
2020-05-01,-0.8,278.3,3121640.2610581294,1484492000000.0002,1096669000000.0,36318.738261,7.1016,99.13,501.33444442373
2020-06-01,-0.1,279.0,3132890.94428708,1468447000000.0,1191784000000.0,37286.885658,7.0816,97.4,421.641110933879
2020-07-01,0.5999999999999999,279.0,3175529.57847756,1577102999999.9995,1204020000000.0,40469.812982,7.0041,98.18,324.662566170534
2020-08-01,0.4,279.0,3185741.04735763,1586858000000.0,1225947000000.0,40598.942662,6.927,98.41,451.631087851069
2020-09-01,0.2,278.8,3163405.4723116,1536486000000.0,1276632000000.0,41003.217161,6.8106,100.13,493.402039705619
2020-10-01,-0.2999999999999999,279.5,3148891.68759846,1573125000000.0,1237456000000.0002,44654.266193,6.7254,100.79,396.79674987595
2020-11-01,-0.5999999999999999,279.5,3199686.22344924,1653720000000.0,1224425000000.0,44700.409933,6.6029,101.17,661.82804828749
2020-12-01,0.6999999999999998,279.5,3238782.37143371,1633436000000.0002,1247132000000.0,41626.191515,6.5393,101.23,439.123635430217
2021-01-01,1.0,282.4,3232949.76055315,1661672000000.0,1358629000000.0,38835.275419,6.4672,102.27,378.35705309334
2021-02-01,0.5999999999999999,283.2,3227245.91756429,1827115000000.0,1334359000000.0,33816.75994,6.4601,103.83,237.408613576867
2021-03-01,-0.5,283.2,3191634.6298325,1663793000000.0,1438662000000.0,39934.039704,6.5109,103.24,302.30058172503
2021-04-01,-0.2999999999999999,283.2,3220011.82696784,1771812999999.9995,1458275000000.0,37371.138998,6.5186,101.95,289.630033571675
2021-05-01,-0.2,283.2,3243778.69563898,1718578000000.0,1487322999999.9995,38486.525451,6.4321,101.76,216.860559066636
2021-06-01,-0.4,283.2,3235723.81319699,1750620000000.0,1470239000000.0,39779.270246,6.425,101.67,219.762804790051
2021-07-01,0.2999999999999999,295.316,3257656.75848476,1755454000000.0,1461867000000.0002,40290.914463,6.4763,102.39,227.924511338185
2021-08-01,0.1,295.316,3295312.46211408,1844800000000.0,1488878000000.0,42897.843401,6.4768,102.41,294.827804953211
2021-09-01,0.0,295.051,3264064.26110895,1864051000000.0,1431043000000.0,47350.944635,6.4563,102.44,274.950023143039
2021-10-01,0.6999999999999998,295.051,3281736.3474022094,1926063000000.0,1453501000000.0,47873.453886,6.4172,103.98,248.473635337268
2021-11-01,0.4,295.051,3286139.76583459,1945376000000.0,1531037000000.0,48234.758989,6.3889,105.03,329.069390994896
2021-12-01,-0.2999999999999999,304.923,3313920.33062885,1938932000000.0,1462366000000.0,49375.341266,6.3693,105.75,344.003352178407
2022-01-01,0.4,310.595,3285770.43665788,1995716000000.0,1614650000000.0,47667.077458,6.3556,105.06,319.071530807706
2022-02-01,0.5999999999999999,311.804,3278104.54653823,1871308000000.0,1445571000000.0002,42297.863971,6.3436,105.86,167.081875584505
2022-03-01,0.0,312.212,3251625.7770107,1811422000000.0,1410784000000.0,47285.271444,6.3446,106.38,359.005178984309
2022-04-01,0.4,312.212,3182038.7253764,1797073999999.9995,1471256000000.0,41727.289477,6.431,105.21,337.153789726457
2022-05-01,-0.2,317.073,3190404.2495826,2043106000000.0,1547476000000.0,43769.593642,6.699,101.28,386.750242902272
2022-06-01,0.0,317.073,3133187.68327234,2093174000000.0,1523207999999.9995,48488.064176,6.6952,101.42,328.094950109791
2022-07-01,0.5,318.436,3165993.70876725,2152299000000.0,1581025000000.0,46565.042288,6.7352,103.4,359.977442421623
2022-08-01,-0.1,319.851,3116343.160474,2036940000000.0,1526761000000.0,50383.134999,6.8007,101.86,260.880966957428
2022-09-01,0.2999999999999999,319.851,3089365.6205065,2118598000000.0,1559408000000.0,49270.250025,7.0195,101.11,242.556936393941
2022-10-01,0.1,319.851,3113218.61193976,2127730000000.0,1595145000000.0,44670.639494,7.1902,99.41,259.049214802676
2022-11-01,-0.2,319.851,3178709.03740592,1986260000000.0,1542232000000.0002,36915.67136,7.1812,96.86,448.588845798041
2022-12-01,0.0,320.601,3189689.10881378,1898354000000.0,1510672000000.0,37228.7909,6.9717,97.42,310.496979941266
2023-01-01,0.8,321.579,3247415.1921716,1859308000000.0,1346625000000.0,38166.089291,6.7904,98.11,275.41359579382
2023-02-01,-0.5,321.579,3195596.16328912,1949849000000.0,1607832999999.9995,30569.756691,6.838,98.06,364.287677422576
2023-03-01,-0.2999999999999999,321.579,3247256.61966566,2139968000000.0,1489172000000.0,30791.607258,6.8909,96.91,516.976889834461
2023-04-01,-0.1,321.579,3268238.79136729,2061733000000.0,1466255000000.0,33071.357368,6.8876,95.32,392.605046550195
2023-05-01,-0.2,330.018,3239253.45951898,1947434000000.0,1489938999999.9995,35881.039803,6.9854,94.05,233.991581001473
2023-06-01,-0.2,330.018,3254813.12287221,1960178000000.0,1517167000000.0002,34312.779447,7.1614,91.94,290.407627065338
2023-07-01,0.2,328.166,3265263.5798248,1985670000000.0,1499785000000.0,36108.078368,7.1863,91.21,233.748247068568
2023-08-01,0.2999999999999999,328.166,3222723.05952683,1994162000000.0,1522656000000.0,36828.481231,7.2486,91.67,227.150058523315
2023-09-01,0.2,328.166,3176997.44866201,2083173000000.0,1562921000000.0,40247.941237,7.2979,92.21,249.484819266559
