DATE,Share_Prices,CPI,Prod_Vol,Intr_Rate,Intr_10Y,Total Reserves,Uncertainty,Exchange,Exports,Imports
1991-01-01,31.94394,57.0,77.40916,10.59,10.59,36097.317139659695,,1.9346,8470338999.999998,10027970000.0
1991-02-01,34.54787,57.2,77.40916,10.13,10.13,39115.1673390534,,1.9641,8318322999.999998,9350975000.0
1991-03-01,37.14758,57.5,76.56661,10.29,10.29,37275.22678621911,,1.8214,8421284000.0,9984999000.0
1991-04-01,38.1236,58.7,75.51343,10.19,10.19,38542.5265345526,,1.7497,8711617000.0,9451614000.0
1991-05-01,37.8074,59.2,76.4613,10.38,10.38,38501.924912845294,,1.7238,8640139000.0,9692346000.0
1991-06-01,37.83494,59.5,76.67194,10.58,10.58,38205.7638615033,,1.6497,8740049000.0,10040320000.0
1991-07-01,38.3652,59.3,76.04002,10.28,10.28,39257.887863184,,1.6513,8925630000.0,9861808000.0
1991-08-01,39.43264,59.9,75.19747,10.03,10.03,39281.37509191791,,1.6841,8914813000.0,10378010000.0
1991-09-01,39.761109999999995,60.1,75.30279,9.64,9.64,40364.9069767442,,1.7265,8607252000.0,9997826000.0
1991-10-01,39.13484,60.4,76.25066,9.72,9.72,39901.88780934421,,1.7231,8779575999.999998,9957173000.0
1991-11-01,37.9859,60.5,76.4613,9.77,9.77,40456.3823764946,,1.7796,8859028000.0,10146250000.0
1991-12-01,36.5515,60.7,76.14534,9.66,9.66,41891.9846085626,,1.8272,9189127000.0,9980129000.0
1992-01-01,38.2148,60.5,76.14534,9.46,9.46,41163.649828827,,1.809,8470796999.999998,9621350999.999998
1992-02-01,38.56544,60.8,76.56661,9.3,9.3,40861.0167918692,,1.7778,8700043000.0,10206240000.0
1992-03-01,37.83648,61.1,76.25066,9.68,9.68,40194.074074074095,,1.7238,8799676000.0,10114469999.999998
1992-04-01,38.65847,61.8,76.77725,9.43,9.43,40869.31652192969,,1.7566,9059574000.000002,10585090000.0
1992-05-01,40.97684,62.2,75.19747,9.02,9.02,41721.617674574496,,1.8095,9233796000.0,10547980000.0
1992-06-01,39.492329999999995,62.2,75.9347,9.12,9.12,42653.6744951555,,1.8551,8939610000.0,10022890000.0
1992-07-01,37.04821,62.0,76.67194,9.05,9.05,43342.52388654609,,1.9177,8972725000.0,10319060000.0
1992-08-01,35.5448,62.1,76.56661,9.35,9.35,43515.0628438394,,1.9434,8519216999.999998,10629240000.0
1992-09-01,37.18707,62.3,77.09321,9.19,9.19,40361.410274537506,,1.8465,8973626000.0,10195490000.0
1992-10-01,39.22931,62.5,77.93575,8.65,8.65,38574.0986545194,,1.6529,9305676000.0,10669000000.0
1992-11-01,41.1373,62.5,76.88257,8.19,8.19,37599.957748654095,,1.5268,9589792999.999998,11236800000.0
1992-12-01,42.12423,62.6,76.77725,8.32,8.32,36641.0270738515,,1.551,9721490000.0,11192260000.0
1993-01-01,42.31052,62.4,76.88257,8.48,8.29,37721.36827195471,,1.5325,9747425999.999998,10599210000.0
1993-02-01,43.06687,62.7,77.93575,8.11,7.95,38065.62718628301,,1.4395,9807767000.0,11436919999.999998
1993-03-01,43.92835,63.0,77.30384000000002,7.85,7.72,36729.26123418831,,1.4617,9808387000.0,11253710000.0
1993-04-01,43.02563,63.4,77.40916,7.97,7.89,38011.7913042364,,1.5447,9669147000.0,11275940000.0
1993-05-01,42.91449,63.6,77.93575,8.22,8.15,38151.004828233505,,1.5477,9786341000.0,11409440000.0
1993-06-01,43.5904,63.6,77.51448,8.01,7.96,37058.522527833506,,1.5082,9828139000.0,11221720000.0
1993-07-01,43.22702,63.4,78.14639,7.62,7.62,37153.391226769694,,1.4955,9802660000.000002,11583610000.0
1993-08-01,45.78275,63.7,78.35703000000002,7.1,7.07,37867.261994344306,,1.4914,10041250000.0,11088270000.0
1993-09-01,45.91441,64.0,78.67299,7.02,6.96,38329.2835029978,,1.5248,10166460000.0,11604010000.0
1993-10-01,47.38812,64.0,78.88362,6.92,6.87,38143.2349727507,,1.5023,10249120000.0,11653180000.0
1993-11-01,47.18249,63.8,79.62085,6.88,6.85,37667.9973352727,,1.4808,10025210000.0,11383490000.0
1993-12-01,50.24694,64.0,79.83149,6.4253,6.4253,36776.667128392895,,1.4913,10225670000.0,11531230000.0
1994-01-01,52.03031,64.0,80.35809,6.3794,6.3794,37209.13273798671,,1.4923,10649770000.0,12216270000.0
1994-02-01,51.501259999999995,64.2,80.56872,6.7572,6.7572,37702.9209607567,,1.4792,10646100000.0,11990400000.0
1994-03-01,48.61591,64.4,80.88467,7.417,7.417000000000002,38383.4524435102,,1.4919,10805520000.0,12418400000.0
1994-04-01,47.47591,64.9,81.93786,7.8401,7.8401,39131.2680526082,,1.4823,10962840000.0,11990500000.0
1994-05-01,46.84349,65.1,82.99105,8.2825,8.2825,39236.7432499468,,1.5042,10883320000.0,12474630000.0
1994-06-01,45.19235,65.1,82.04318,8.7105,8.7105,39914.998679087905,,1.5262,11209439999.999998,12569580000.0
1994-07-01,46.04493,64.7,82.46445,8.533,8.533,40143.1462665543,,1.5467,11271410000.0,12519490000.0
1994-08-01,48.19706,65.1,82.78041,8.6524,8.6524,40171.4610930148,,1.5422,11555930000.0,12219100000.0
1994-09-01,46.981640000000006,65.2,83.51764,8.8959,8.8959,40655.9850517839,,1.5661,11654730000.0,12378290000.0
1994-10-01,46.1996,65.1,83.72828,8.7797,8.7797,41897.90867267409,,1.6064,11794390000.0,12836230000.0
1994-11-01,46.80747,65.2,83.62295999999998,8.6361,8.6361,40841.2540147772,,1.5892,12029790000.0,12913950000.0
1994-12-01,45.8941,65.5,84.46551,8.5814,8.5814,41012.6691240768,,1.5587,11879580000.0,13697110000.0
1995-01-01,45.9195,65.5,82.99105,8.7349,8.7349,40351.1120315896,,1.5746,12397710000.0,13275300000.0
1995-02-01,46.27402,65.7,83.09637,8.6557,8.6557,40828.3982025414,,1.572,12553110000.0,13266420000.0
1995-03-01,46.676829999999995,66.0,83.41232,8.5938,8.5938,42583.0880682749,,1.6002,12684560000.0,13119639999.999998
1995-04-01,48.49855,66.4,84.04424,8.4378,8.4378,42918.3433787153,,1.6073,12531020000.0,14197280000.0
1995-05-01,49.8623,66.7,83.93890999999998,8.1802,8.1802,42616.3976856186,,1.5874,12638450000.0,13982590000.0
1995-06-01,50.82117,66.8,83.41232,8.1097,8.1097,43139.659861917906,,1.5948,12757750000.0,14197320000.0
1995-07-01,51.9576,66.6,83.93890999999998,8.2613,8.2613,43662.9777625636,,1.5952,12825230000.0,14420060000.0
1995-08-01,52.87438,66.9,84.04424,8.1169,8.1169,41934.5916106982,,1.5668,12897930000.0,14238500000.0
1995-09-01,53.59186999999999,67.2,84.36019,7.9486,7.9486,42691.57377347969,,1.559,13483160000.0,15026110000.0
1995-10-01,53.554390000000005,67.1,84.04424,8.0967,8.0967,42944.7682589643,,1.5779,13143670000.0,14844479999.999998
1995-11-01,54.29002,67.1,84.46551,7.7752,7.7752,42284.5013836048,,1.5625,13647610000.0,14595100000.0
1995-12-01,55.33458,67.5,84.9921,7.4926,7.4926,42015.608297855906,,1.5405,13575320000.0,14808170000.0
1996-01-01,56.35791,67.4,84.57082,7.4408,7.4408,38859.0417970162,,1.5288,13820440000.0,15063850000.0
1996-02-01,56.68225,67.7,85.20274,7.7618,7.7618,39446.33473494671,,1.536,13775390000.0,15243440000.0
1996-03-01,56.06698000000001,67.9,85.30806,8.057,8.057,39196.3269454165,,1.5271,14095170000.0,15347480000.0
1996-04-01,57.5047,68.3,84.25487,8.0602,8.0602,39127.1654106773,,1.516,14032460000.0,15742870000.0
1996-05-01,56.99058,68.6,84.88678,8.0871,8.0871,39135.7089842398,,1.5152,14056800000.0,15609829999.999998
1996-06-01,56.62075,68.7,84.36019,8.054,8.054,39132.76378138,,1.5416,13982150000.0,15901000000.0
1996-07-01,56.2142,68.3,84.25487,7.9162,7.9162,42534.1667169836,,1.553,13932830000.0,15441840000.0
1996-08-01,58.25435,68.7,84.88678,7.8219,7.8219,42309.6547789975,,1.5499,14112590000.0,15119650000.0
1996-09-01,59.54844,69.0,85.41338,7.8151,7.8151,37770.7066467457,,1.5593,14357339999.999998,15671240000.0
1996-10-01,60.97217,69.1,85.30806,7.5413,7.5413,40686.033159159,,1.5863,14463460000.0,15376750000.0
1996-11-01,60.1921,69.2,85.83465,7.5952,7.5952,40280.717834519106,,1.6623,14287670000.0,15388670000.0
1996-12-01,61.243559999999995,69.4,86.1506,7.5716,7.5716,39896.2208598396,,1.6639,13997890000.0,15361790000.0
1997-01-01,63.14247,69.2,86.1506,7.5552,7.5552,35854.5782327156,59.4117,1.6585,14645320000.0,15337410000.0
1997-02-01,65.45416,69.3,86.46656,7.1962,7.1962,35176.9037397532,57.9327,1.6256,14441100000.0,15535789999.999998
1997-03-01,65.9578,69.4,85.20274,7.4544,7.4544,35220.8919670087,95.83731,1.6096,14255910000.0,15694740000.0
1997-04-01,65.39265999999999,69.7,87.30911,7.638,7.638,35130.9748524548,95.51237,1.6293,14366720000.0,15808689999.999998
1997-05-01,70.09495,70.0,86.99316,7.1681,7.1681,35488.8354885267,55.2234,1.6322,14286560000.0,15601910000.0
1997-06-01,70.50103,70.1,87.20379,7.1418,7.1418,35184.781998337,63.46032,1.6449,14330140000.0,16020510000.0
1997-07-01,73.43444000000001,70.0,88.99421,7.0577,7.0577,34672.9328449561,54.95415,1.6694,14438710000.0,15863420000.0
1997-08-01,74.99184,70.3,87.94102,7.0893,7.0893,34990.0394373342,32.10918,1.6035,14404500000.0,15390229999.999998
1997-09-01,75.97443,70.5,88.46761,6.8216,6.8216,35261.2973991347,74.38128,1.6013,14349000000.0,15647760000.0
1997-10-01,78.0181,70.6,89.5208,6.5109,6.5109,33444.5768725216,89.02506,1.633,14326370000.0,15795000000.0
1997-11-01,73.4858,70.6,89.62612,6.624,6.624,32946.951873959,68.78264,1.6889,14215639999.999998,16034120000.0
1997-12-01,77.14473000000001,70.7,89.83675,6.3739,6.3739,32316.8153320776,50.97836,1.6597,14530760000.0,16224490000.0
1998-01-01,79.48843000000002,70.4,89.83675,6.0978,6.0978,30406.7195702918,70.36618,1.635,14106260000.0,15134370000.0
1998-02-01,85.76572,70.6,90.67931,6.0461,6.0461,30504.3969149838,69.35783,1.6408,13934620000.0,16136740000.0
1998-03-01,88.88524,70.8,91.31122,5.992,5.992000000000001,30140.8529122978,87.09316,1.6619,13783579999.999998,15846460000.0
1998-04-01,90.59431,71.2,91.73249000000001,5.8249,5.8249,31206.653167335495,57.05707,1.6723,13546050000.0,15331910000.0
1998-05-01,90.02136999999999,71.5,90.99526,5.8648,5.8648,31104.2509497783,82.9233,1.6382,13633679999.999998,16051450000.0
1998-06-01,88.65847,71.4,91.31122,5.7743,5.7743,30927.5800098002,75.54867,1.6504,13739360000.0,15796779999.999998
1998-07-01,90.81964,71.2,90.99526,5.8319,5.8319,31557.4594353131,102.52676,1.6437,13471960000.0,15547920000.0
1998-08-01,84.24483000000002,71.4,91.52185,5.5706,5.5706,31595.569221002,56.53372,1.6342,13437020000.0,15575560000.0
1998-09-01,78.39335,71.7,91.83781,5.151,5.151,32676.6308468054,120.30372,1.6823,13355750000.0,16038329999.999998
1998-10-01,76.78546999999999,71.7,91.83781,5.0114,5.0114,33721.1907017947,134.35567,1.6944,13343960000.0,15540330000.0
1998-11-01,84.8485,71.8,92.04845,4.9292,4.9292,33055.2173028538,125.89461,1.6611,13312990000.0,15746939999.999998
1998-12-01,86.22351,72.0,92.3644,4.5175,4.5175,32211.5472680808,56.46775,1.6708,13079850000.0,15639300000.0
1999-01-01,90.61455,71.8,93.73354,4.2868,4.2868,30065.7925496949,71.11098,1.6498,13081640000.0,15929800000.0
1999-02-01,91.14444,71.9,93.83886,4.4319,4.4319,29556.6435849886,64.79442,1.6276,13057960000.0,15930220000.0
1999-03-01,93.53667,72.3,94.78673,4.6554,4.6554,29301.6378501024,65.50213,1.6213,13358710000.0,15941320000.0
1999-04-01,97.95406,72.6,94.5761,4.592,4.592,29387.7721482727,59.44795,1.6089,13065360000.0,15434389999.999998
1999-05-01,95.8641,72.8,95.52396,4.9068,4.9068,29127.991624831095,60.3775,1.6154,13334020000.0,15569370000.0
1999-06-01,97.43786,72.7,95.31332,5.1716,5.1716,28912.714347546105,49.6161,1.595,13427220000.0,15960450000.0
1999-07-01,97.3925,72.4,96.26119000000001,5.3721,5.3721,38558.1099685844,48.86079,1.5751,13845839999.999998,16516900000.0
1999-08-01,94.17902,72.6,96.99842,5.4312,5.4312,33685.8499017657,43.78325,1.6058,14391550000.0,17158870000.0
1999-09-01,92.75406,72.8,97.52502,5.6909,5.6909,37976.243896688306,55.62635,1.6247,14479289999.999998,16732120000.0
1999-10-01,92.06054,72.8,96.8931,5.8801,5.8801,37994.762989172894,60.0567,1.6572,14340480000.0,16967120000.0
1999-11-01,98.3731,72.9,97.63033,5.3145,5.3145,40652.53064078849,43.94887,1.6205,14322180000.0,16904440000.0
1999-12-01,101.8959,73.1,96.36651,5.389,5.388999999999999,40223.8470628714,25.34095,1.6132,14216330000.0,16945370000.0
2000-01-01,98.46317,72.6,97.20906,5.8227,5.8227,43008.9149039016,30.08247,1.6404,14653360000.0,17759470000.0
2000-02-01,93.68788,72.8,97.52502,5.6347,5.6347,38384.7978653829,36.6259,1.6,14694850000.0,17312230000.0
2000-03-01,99.19132,73.0,97.20906,5.3707,5.3707,37311.5183730733,45.16381,1.5799,15012450000.0,17248990000.0
2000-04-01,95.6144,73.3,96.99842,5.3213,5.3213,38281.2414937945,42.74244,1.5823,15053420000.0,18386240000.0
2000-05-01,94.2506,73.5,97.31438,5.4033,5.4033,39427.378129172495,53.87834,1.509,15129690000.0,17580160000.0
2000-06-01,97.88135,73.6,97.84097000000001,5.2097,5.2097,40037.127728933905,51.1505,1.5092,15659010000.0,18113480000.0
2000-07-01,97.55154,73.3,97.20906,5.2388,5.2388,40770.3393856642,30.86351,1.5076,15312380000.0,19209590000.0
2000-08-01,98.31472,73.3,98.47288,5.3312,5.3312,39785.576483718,29.02702,1.4889,15888020000.0,18641980000.0
2000-09-01,97.99598,73.8,98.15692,5.3873,5.3873,39873.6297190785,57.47051,1.4336,15861690000.0,19024400000.0
2000-10-01,95.43305,73.8,98.36756,5.2179,5.2179,41599.5677953406,47.63079,1.4506,15959410000.0,18950660000.0
2000-11-01,96.45219,74.0,99.21011,5.0983,5.0983,43729.7687992769,84.58303,1.4258,16248290000.0,19622660000.0
2000-12-01,94.45728,74.0,101.3165,4.9118,4.9118,46637.8041967188,64.9144,1.4629,16350990000.0,20357410000.0
2001-01-01,93.93384,73.5,101.0005,4.8471,4.8471,45551.5824615956,60.04069,1.4775,16667539999.999998,19905739999.999996
2001-02-01,92.77641,73.7,101.1058,4.8248,4.8248,42226.707765034706,61.49486,1.4525,16662640000.0,20175840000.0
2001-03-01,86.63519000000002,73.9,101.9484,4.703,4.703,43084.9581429359,88.12578,1.4445,16023180000.0,19525190000.0
2001-04-01,87.45948,74.4,102.475,4.9468,4.9468,42910.730396742896,100.30788,1.4348,15666540000.0,19649720000.000004
2001-05-01,89.12459,74.9,101.9484,5.1153,5.1153,43323.2184223091,67.84627,1.4265,15649660000.0,19040250000.0
2001-06-01,87.23643,75.0,102.6856,5.1951,5.1951,44183.8070720996,68.24094,1.402,16151070000.0,19932080000.0
2001-07-01,82.82916,74.5,102.3697,5.2037,5.2037,42815.09196020139,84.65529,1.4148,15620950000.0,18716479999.999996
2001-08-01,82.57365,74.8,103.5282,4.9854,4.9854,44200.22101397819,81.41273,1.4372,15674650000.0,19126820000.000004
2001-09-01,74.10683,75.0,103.0016,4.9876,4.9876,44218.4473393249,156.55778,1.4638,15657410000.0,18562210000.0
2001-10-01,76.72768,74.9,102.3697,4.8253,4.8253,44021.0226407584,123.40408,1.4501,15804720000.0,18480490000.0
2001-11-01,79.49183000000002,74.9,102.475,4.6271,4.6271,44332.9371163324,127.88529,1.4356,15315579999.999998,18274920000.0
2001-12-01,78.56064,75.0,102.0537,4.8928,4.8928,44259.38692319769,76.56446,1.4413,14847250000.0,18479689999.999996
2002-01-01,78.72865,74.8,101.4218,4.9171,4.9171,44710.58843554541,56.76797,1.4322,15439379999.999998,18086940000.0
2002-02-01,77.74014,75.0,101.5271,4.9251,4.9251,44949.7280933898,67.61252,1.4227,15493500000.0,18932879999.999996
2002-03-01,79.65878000000002,75.2,103.4229,5.2202,5.2202,44700.0164318238,60.03964,1.423,15705350000.0,19310960000.0
2002-04-01,78.99113,75.6,101.2112,5.2331,5.2331,45729.4936886747,67.45938,1.4429,15507690000.0,18767770000.000004
2002-05-01,78.38474000000002,75.8,104.3707,5.2689,5.2689,46479.3218054432,57.54758,1.4598,16536800000.0,19049910000.0
2002-06-01,72.29372,75.8,98.99947,5.099,5.099,49194.1172345322,84.52009,1.4837,15889280000.0,19087940000.0
2002-07-01,64.26420999999999,75.6,105.5292,5.0027,5.0027,48970.8792837095,77.99051,1.5565,15833440000.0,19119940000.0
2002-08-01,64.6251,75.8,105.3186,4.746,4.746,49056.3058359996,81.16083,1.5368,15100950000.0,18863000000.0
2002-09-01,59.99751,76.0,106.8984,4.5006,4.5006,51206.2566867599,114.33851,1.5563,15521470000.0,18944310000.0
2002-10-01,60.18265,76.1,105.5292,4.616,4.6160000000000005,52007.97252770529,114.01021,1.5575,15030400000.0,18894440000.0
2002-11-01,62.20182,76.1,105.8452,4.6378,4.6378,52955.6364435778,167.0678,1.5711,14885520000.0,19087500000.0
2002-12-01,59.87089,76.3,106.6877,4.5644,4.5644,51500.4763011828,166.51313,1.5863,14887750000.0,18459090000.0
2003-01-01,57.52251999999999,75.9,106.1611,4.3899,4.3899,46040.436737842094,194.32833,1.6175,15615240000.0,18961380000.0
2003-02-01,55.254369999999994,76.1,107.3196,4.2131,4.2131,46225.0243022478,220.16108,1.6079,15146390000.0,19356890000.0
2003-03-01,55.16339,76.4,107.0037,4.3243,4.3243,45480.988758394495,273.18543,1.5825,15465940000.0,19303440000.0
2003-04-01,58.61187,76.8,106.4771,4.4663,4.4663,45373.2369099734,226.82065,1.5739,16420150000.0,19227629999.999996
2003-05-01,60.44756,76.8,105.1079,4.2197,4.2197,47555.605913360705,124.13571,1.6224,15287640000.0,19696220000.0
2003-06-01,62.46885,76.7,105.7399,4.1127,4.1127,48303.4843448025,125.28983,1.6609,14386380000.0,19284470000.000004
2003-07-01,61.853359999999995,76.6,106.3718,4.4078,4.4078,48490.5782641487,73.56979,1.6221,15540160000.0,19260420000.0
2003-08-01,63.41202,76.8,106.5824,4.604,4.604,48336.9022722743,90.74357,1.5939,16118240000.0,19598530000.0
2003-09-01,64.21674,77.0,106.7931,4.7132,4.7132,50520.941388745,58.72573,1.6155,15395870000.0,20100200000.0
2003-10-01,65.05785999999999,77.1,108.6888,4.9071,4.9071,49768.267539228305,73.45627,1.6792,15567960000.0,20263040000.0
2003-11-01,65.95235,77.1,107.2143,5.065,5.065,50481.7301048622,75.54928,1.6897,15411740000.0,20266200000.0
2003-12-01,66.67201,77.3,107.2143,4.896,4.896,52147.8216702591,80.86126,1.7516,15516140000.0,20007920000.000004
2004-01-01,67.79669,77.0,108.5835,4.7875,4.7875,49667.691593663,65.19389,1.8255,15012830000.0,20505010000.000004
2004-02-01,67.37318,77.2,108.2675,4.8056,4.8056,49835.44377647499,68.73472,1.8673,15294240000.0,19592640000.0
2004-03-01,67.42761,77.3,108.3728,4.7088,4.7088,52864.2695093551,77.10777,1.8261,15197770000.0,19714460000.0
2004-04-01,68.43538000000001,77.6,108.8994,4.957,4.957,51561.6350193167,78.17436,1.8031,15323000000.0,20557590000.0
2004-05-01,67.53452,77.9,107.3196,5.1118,5.1118,52181.216783760705,87.14658,1.786,15370710000.0,20883290000.0
2004-06-01,67.90693,77.9,107.109,5.2,5.2,51889.80449675689,69.11718,1.8279,15512939999.999998,20488470000.0
2004-07-01,66.15358,77.7,106.6877,5.1083,5.1083,52539.5364794143,80.4566,1.8438,15684040000.0,21105300000.0
2004-08-01,66.53008,77.9,105.1079,5.0071,5.0071,52067.98304753489,80.71109,1.8203,15691850000.0,21308750000.0
2004-09-01,69.15671,77.9,104.792,4.9109,4.9109,52389.7929072345,78.46118,1.7937,16091050000.0,21176080000.0
2004-10-01,70.43696,78.1,104.792,4.7683,4.7683,53839.146988421104,94.68281,1.8077,16107530000.0,22425600000.0
2004-11-01,71.93784000000001,78.3,105.5292,4.6903,4.6903,57069.260232064305,128.97976,1.8607,16382680000.0,21568490000.0
2004-12-01,72.03959,78.6,105.0026,4.5316,4.5316,57741.0926208023,76.16022,1.9286,16662659999.999998,21546300000.0
2005-01-01,73.1776,78.3,105.6345,4.5419,4.5419,54163.7003219342,49.03665,1.8797,16301870000.0,21967890000.0
2005-02-01,75.80225,78.5,105.2133,4.5884,4.5884,54686.655940085104,57.14407,1.8871,16122620000.0,21484750000.0
2005-03-01,75.18692,78.8,103.5282,4.796,4.796,57808.046736173506,74.87572,1.9043,16244789999.999998,21622580000.0
2005-04-01,74.11638,79.1,106.2665,4.6218,4.6218,56417.9941080452,82.25068,1.8961,16753190000.0,22459720000.0
2005-05-01,74.69122,79.4,105.6345,4.4173,4.4173,55382.4691899506,79.33299,1.8559,16965760000.0,21853590000.0
2005-06-01,76.57999000000001,79.4,106.4771,4.2847,4.2847,56148.7082923617,86.56476,1.8177,17837520000.0,21952020000.0
2005-07-01,79.2753,79.5,105.2133,4.3011,4.3011,56057.9649708,64.43832,1.7507,17755770000.0,22702730000.0
2005-08-01,80.47882,79.7,104.3707,4.3249,4.3249,57170.7789942726,63.62027,1.7944,18046850000.0,23209940000.0
2005-09-01,81.77,79.9,105.8452,4.2109,4.2109,55785.5169232256,120.47766,1.8064,18649340000.0,23230300000.0
2005-10-01,80.25925,80.0,104.792,4.3482,4.3482,54247.9909649299,68.67493,1.7651,19044380000.0,23320670000.0
2005-11-01,82.76517,80.0,106.1611,4.3129,4.3129,54295.5802049042,83.49025,1.7349,18957750000.0,23464460000.0
2005-12-01,84.18204,80.3,109.742,4.2186,4.2186,54008.878382055904,52.24917,1.7458,19531010000.000004,24463170000.0
2006-01-01,86.53724,80.0,108.2675,4.0752,4.0752,54296.3074464548,41.8197,1.7686,20221360000.0,25018450000.0
2006-02-01,88.05025,80.2,108.1622,4.1543,4.1543,52478.3493733459,68.73345,1.748,21558540000.0,25594850000.0
2006-03-01,90.05289,80.4,109.426,4.3177,4.3177,54798.1115642751,50.96134,1.7442,22834640000.0,25056460000.0
2006-04-01,91.76788,80.9,109.6367,4.5177,4.5177,57396.0383491041,56.40462,1.768,23242790000.0,25557970000.0
2006-05-01,88.72609,81.3,110.5845,4.6488,4.6488,60313.308083042,98.10707,1.8687,23033089999.999996,26325480000.0
2006-06-01,85.94738000000001,81.5,111.2164,4.6645,4.6645,56896.6937548238,94.18513,1.8435,22425960000.0,25773280000.0
2006-07-01,88.45876,81.5,110.0579,4.656,4.656000000000001,55910.1726444998,69.13068,1.8443,18287320000.0,25098170000.0
2006-08-01,89.12746,81.8,111.0058,4.6535,4.6535,56535.491816566704,75.90216,1.8941,18359289999.999996,24689550000.0
2006-09-01,89.40541,81.9,111.3217,4.5522,4.5522,56221.4964574314,94.98159,1.8839,18316850000.0,24955690000.0
2006-10-01,92.51802,82.0,110.1632,4.6155,4.6155,56028.782958384094,68.0169,1.8765,17875880000.0,24282770000.000004
2006-11-01,93.52457,82.2,110.9005,4.5452,4.5452,57949.8254716934,91.79185,1.9125,18195260000.0,24704629999.999996
2006-12-01,93.60903,82.6,110.1632,4.6195,4.6195,57482.6295440752,80.55704,1.9629,18184720000.000004,25199410000.0
2007-01-01,94.57525,82.1,110.5845,4.8694,4.8694,55103.993199794895,68.25111,1.9587,17724310000.0,24226900000.0
2007-02-01,96.48055,82.4,109.1101,4.896,4.896,57552.6287753484,50.54888,1.9589,17634200000.0,25128270000.0
2007-03-01,94.10018,82.8,108.7941,4.8194,4.8194,61357.594262254,39.88484,1.9474,17839790000.0,25427210000.000004
2007-04-01,97.51363,83.1,107.3196,5.0439,5.0439,61130.890117944,56.02067,1.9879,18161740000.0,24942070000.0
2007-05-01,99.64319,83.3,109.5313,5.1458,5.1458,61084.2894005427,52.00437,1.9842,17926810000.0,24707300000.0
2007-06-01,100.0481,83.5,107.7409,5.4321,5.4321,70788.1618578568,47.32553,1.9867,18378000000.0,26048510000.0
2007-07-01,99.50095,83.1,107.2143,5.4084,5.4084,59974.1998434311,30.4688,2.0355,18079720000.0,25953210000.000004
2007-08-01,93.69653,83.4,108.5835,5.1499,5.1499,60606.4056537772,60.00445,2.011,18313470000.000004,25991210000.0
2007-09-01,96.21412,83.5,107.2143,4.9928,4.9928,63531.9490684131,128.67354,2.0184,18511540000.0,26949460000.0
2007-10-01,100.0681,83.8,107.8462,4.9576,4.9576,68249.0948837005,82.11964,2.0449,18607280000.0,26095120000.0
2007-11-01,95.91085,84.1,108.0569,4.7263,4.7263,70665.4751508842,134.32026,2.0701,19198400000.0,26869410000.0
2007-12-01,97.58793,84.5,107.5303,4.6937,4.6937,69398.7158121674,91.71973,2.0161,19155179999.999996,26737380000.0
2008-01-01,91.73453,84.1,107.425,4.4925,4.4925,70217.0611521844,139.5479,1.9702,19781250000.0,27219680000.0
2008-02-01,89.61816,84.6,108.7941,4.6234,4.6234,73313.3831452012,132.74403,1.9646,20131190000.0,27681050000.0
2008-03-01,85.81045999999998,84.9,105.7399,4.445,4.445,72156.8953544735,217.76997,2.0015,20092960000.0,27907400000.0
2008-04-01,90.88325,85.6,107.3196,4.6432,4.6432,68897.7130467418,115.20672,1.9816,20363970000.0,28401860000.0
2008-05-01,93.77007,86.1,106.4771,4.8683,4.8683,67234.4726111848,120.26248,1.965,20969990000.0,28832440000.0
2008-06-01,87.6187,86.6,106.0558,5.2103,5.2103,65173.36146385151,134.12222,1.9664,21489400000.0,30052350000.0
2008-07-01,81.5069,86.6,106.8984,5.0494,5.0494,60348.069127517505,123.12396,1.9888,21436720000.0,29403330000.0
2008-08-01,82.90771,87.1,106.1611,4.7267,4.7267,56556.513610712,125.45571,1.8865,21138130000.0,29200429999.999996
2008-09-01,79.33064,87.5,105.7399,4.5701,4.5701,54525.9925350273,185.33564,1.7973,20863490000.0,28437650000.0
2008-10-01,64.93079,87.3,105.6345,4.5789,4.5789,52385.4433620316,251.48634,1.6862,20211760000.0,27207470000.0
2008-11-01,64.0498,87.3,101.2112,4.2571,4.2571,53418.43847218889,201.98157,1.5327,19556390000.0,27759370000.0
2008-12-01,64.68772,87.1,101.3165,3.6238,3.6238,56109.8644685656,111.97688,1.4854,19155420000.0,25628590000.0
2009-01-01,65.03269,86.6,98.89416000000001,3.6699,3.6699,49635.6621248606,158.64222,1.4462,18832890000.0,25826200000.0
2009-02-01,61.77861,87.2,98.89416000000001,3.6899,3.6899,50805.4779267374,153.16464,1.4422,18694370000.000004,25463040000.0
2009-03-01,57.01818000000001,87.3,98.15692,3.2497,3.2497,54070.709501494304,141.81594,1.417,18355260000.0,24709780000.0
2009-04-01,61.27018,87.5,99.52607,3.4072,3.4072,56376.5753195772,147.29514,1.4712,18497670000.0,25511360000.0
2009-05-01,66.49566999999999,87.9,98.05161,3.6206,3.6206,60250.968016657,148.2398,1.5418,18064770000.000004,24467420000.0
2009-06-01,65.94963,88.1,98.5782,3.7221,3.7221,61486.7156575044,157.72883,1.6369,18028229999.999996,24397670000.0
2009-07-01,66.33266,88.0,99.52607,3.8238,3.8238,59196.7568365151,113.38625,1.6378,18444380000.0,24795590000.0
2009-08-01,72.22261,88.3,97.52502,3.7142,3.7142,70603.2146457691,95.39431,1.6532,18622120000.000004,24832170000.0
2009-09-01,76.31963,88.3,97.52502,3.6566,3.6566,72581.2573488031,111.03582,1.6323,19090960000.0,25989710000.000004
2009-10-01,78.26146999999999,88.4,97.73565,3.5699,3.5699,72849.361661207,142.22838,1.6212,19682460000.0,26764320000.0
2009-11-01,79.49123,88.6,97.52502,3.7592,3.7592,72041.97650388369,132.31211,1.6599,19716980000.0,26368120000.0
2009-12-01,80.63334,88.9,97.63033,3.8871,3.8871,68605.67760024671,171.254,1.6226,19965910000.0,27170890000.000004
2010-01-01,82.06036999999998,88.8,97.10374,4.0025,4.0025,69110.1368540038,209.14733,1.6158,19780540000.0,27443109999.999996
2010-02-01,79.33413,89.0,98.05161,4.0624,4.0624,70045.8834918811,163.18252,1.5618,20795920000.000004,27589730000.0
2010-03-01,85.23425,89.4,99.21011,4.0915,4.0915,75510.8810928754,208.94072,1.5058,20791620000.0,28380059999.999996
2010-04-01,86.77956,89.9,97.10374,4.1007,4.1007,77257.3980684537,214.02367,1.5332,21061330000.0,28354960000.0
2010-05-01,79.41071,90.1,97.10374,3.7772,3.7772,75307.9234858649,238.2655,1.4669,21418650000.0,29507120000.0
2010-06-01,77.93181,90.2,95.7346,3.6007,3.6007,76492.2866378478,242.65689,1.4768,22272000000.0,30026030000.0
2010-07-01,78.21916,90.0,94.89205,3.5087,3.5087,77788.2094187062,237.96943,1.5304,21987160000.0,30115109999.999996
2010-08-01,80.00254,90.4,94.78673,3.233,3.233,77270.4830989876,269.24424,1.5661,21959160000.0,29992870000.0
2010-09-01,83.62054,90.4,93.94418,3.1271,3.1271,82054.62776091982,233.24437,1.5591,22153430000.0,29672320000.000004
2010-10-01,86.2373,90.6,95.62928,3.0685,3.0685,81172.4341933218,302.28376,1.5867,22346120000.000004,30320950000.0
2010-11-01,86.95272,90.9,93.73354,3.311,3.3110000000000004,80367.0425190508,268.50774,1.5961,22729150000.0,31029909999.999996
2010-12-01,89.17023,91.7,92.891,3.6098,3.6098,84005.59761442471,194.98123,1.5595,23141900000.0,32655929999.999996
2011-01-01,90.49825,91.8,93.83886,3.7273,3.7273,87732.7532899017,195.22676,1.5782,24460530000.0,33119920000.0
2011-02-01,91.29873,92.3,91.20589,3.8799,3.8799,91001.01166351221,131.32565,1.6124,24428950000.0,31660490000.000004
2011-03-01,88.81116,92.6,90.67931,3.7386,3.7386,93075.52482931089,177.41306,1.6159,23614770000.0,31126080000.0
2011-04-01,91.15983000000001,93.3,90.04739000000002,3.7619,3.7619,97371.1841743956,156.23404,1.6379,24149680000.0,31888890000.000004
2011-05-01,90.13159,93.5,90.88994,3.5053,3.5053,93809.7476255803,146.9433,1.6332,24345600000.0,33501740000.000004
2011-06-01,87.82961999999998,93.5,91.10058,3.4144,3.4144,93859.09218925299,198.10659,1.6219,24155040000.0,31566709999.999996
2011-07-01,89.6133,93.5,90.78462,3.3137,3.3137,97968.18965682908,194.19764,1.6158,24491640000.0,33873860000.0
2011-08-01,79.83832,93.9,90.78462,2.7833,2.7833,99131.2059166272,203.31244,1.6356,24355240000.0,32433700000.0
2011-09-01,79.28227,94.5,91.10058,2.504,2.504,94470.1821771287,288.86507,1.5771,24417540000.0,33504900000.0
2011-10-01,82.01352,94.5,90.78462,2.529,2.529,96049.49308915313,334.33163,1.5768,25272010000.0,33866859999.999996
2011-11-01,81.92102,94.7,91.20589,2.2917,2.2917,96165.04564328468,380.26802,1.5806,24859110000.0,33434550000.0
2011-12-01,83.14214,95.0,92.04845,2.1828,2.1828,94462.17459128781,324.93907,1.5587,24845000000.0,33016480000.0
2012-01-01,86.26339,94.7,91.94313,2.1104,2.1104,95225.80817719601,252.60074,1.5524,24915090000.0,33913200000.000004
2012-02-01,89.36355999999998,95.2,91.20589,2.2191,2.2191,97848.45008947748,280.63767,1.5804,24593390000.0,32892480000.0
2012-03-01,89.09153,95.4,91.52185,2.323,2.323,96577.70968720861,254.3474,1.5824,25019130000.0,33537900000.0
2012-04-01,86.81685999999998,95.9,91.73249000000001,2.2117,2.2117,97664.75815946748,222.4167,1.6,23944090000.0,33969320000.000004
2012-05-01,82.94213,95.9,92.46972,1.9416,1.9416,97265.88061545699,378.44966,1.5924,24619180000.0,32940860000.0
2012-06-01,82.78458,95.6,91.20589,1.7698,1.7698,96936.78079596581,313.57887,1.5556,23703700000.0,32715280000.0
2012-07-01,85.46852,95.7,93.31227,1.6523,1.6523,98284.1345555367,292.40768,1.5593,24866500000.0,32513950000.0
2012-08-01,87.88861,96.1,92.57504,1.6735,1.6735,97793.91415914179,218.6783,1.5722,24518600000.0,34173770000.000004
2012-09-01,88.03069,96.4,90.25803,1.7222,1.7222,98983.16575186019,309.84897,1.6126,24462610000.0,33459579999.999996
2012-10-01,88.43055,96.8,90.88994,1.7721,1.7721,99670.1855797015,374.76809,1.608,23517630000.0,32225540000.000004
2012-11-01,87.75896,97.0,91.62717,1.7741,1.7741,99482.86114085888,408.435,1.5968,23892610000.0,32134520000.000004
2012-12-01,89.8544,97.3,92.78568000000001,1.8467,1.8467,100558.576864591,358.99347,1.6145,24324220000.0,34148290000.000004
2013-01-01,93.26134,97.0,91.52185,2.0795,2.0795,99770.50950927568,371.50231,1.5965,24583420000.0,32485990000.0
2013-02-01,95.77787,97.5,91.94313,2.1781,2.1781,98256.08126400471,265.68391,1.5474,24529420000.0,33660540000.000004
2013-03-01,97.56867,97.8,92.99632,1.9768,1.9768,99367.7233737677,274.71902,1.508,24766150000.0,35453870000.0
2013-04-01,96.48994,98.0,92.891,1.7824,1.7824,100763.908415305,240.47742,1.5311,24185060000.0,32763779999.999996
2013-05-01,100.7186,98.2,93.20695,1.9462,1.9462,100280.099576463,162.96872,1.5297,24627120000.0,33448000000.0
2013-06-01,95.5213,98.0,94.26014,2.3063,2.3063,100807.533084907,216.77474,1.5493,25549030000.0,34855700000.0
2013-07-01,98.83331,98.0,94.26014,2.471,2.471,103476.310631667,141.8207,1.5179,24582090000.0,34085720000.000004
2013-08-01,98.86803,98.4,93.73354,2.7088,2.7088,105408.133788692,217.50978,1.5505,24867760000.0,34921120000.0
2013-09-01,99.3566,98.7,94.99737,2.8443,2.8443,108108.034349088,181.16468,1.5885,24237800000.0,35268390000.0
2013-10-01,99.6535,98.8,94.47077,2.6784,2.6784,110315.823751585,229.49416,1.6098,24064170000.0,33877920000.000004
2013-11-01,101.5092,98.8,94.5761,2.7598,2.7598,109147.444260829,176.47414,1.61,24228420000.0,34947300000.0
2013-12-01,99.83622,99.2,94.5761,2.9458,2.9458,106735.306279676,190.23351,1.6383,24326480000.0,32995700000.0
2014-01-01,101.8433,98.7,94.78673,2.91,2.91,108481.52706538,206.44778,1.647,23977410000.0,33576819999.999996
2014-02-01,101.4896,99.1,95.31332,2.8147,2.8147,110035.276075903,181.96483,1.6558,23966660000.0,33802509999.999996
2014-03-01,100.5595,99.3,94.5761,2.7837,2.7837,115448.609079016,217.1249,1.6624,24396940000.0,33036460000.0
2014-04-01,100.83,99.6,94.99737,2.7417,2.7417,113264.316973159,114.79574,1.6748,23729110000.000004,33658320000.000004
2014-05-01,103.6177,99.6,94.47077,2.6989,2.6989,113619.694579994,198.74093,1.6842,23779480000.0,34278009999.999996
2014-06-01,103.177,99.8,94.78673,2.7842,2.7842,117150.92384679,123.77553,1.6908,23110490000.0,33132550000.000004
2014-07-01,102.6874,99.6,95.7346,2.7343,2.7343,115967.242417091,146.22757,1.7066,23501260000.000004,34083329999.999996
2014-08-01,101.826,99.9,95.20801,2.5347,2.5347,116360.514950569,209.91403,1.67,23007830000.0,33225800000.0
2014-09-01,102.7743,100.0,96.05055,2.4919,2.4919,111726.295745144,267.56604,1.629,23436220000.000004,33519950000.0
2014-10-01,97.177,100.1,96.05055,2.2469,2.2469,112919.903790728,159.83263,1.6074,23455060000.0,33156470000.0
2014-11-01,100.748,99.9,96.36651,2.1593,2.1593,114708.964004902,142.29186,1.5771,23976100000.0,33825759999.999996
2014-12-01,99.29762,99.9,97.84097000000001,1.9287,1.9287,112457.575221296,210.36075,1.5644,23601900000.0,34502250000.0
2015-01-01,100.2738,99.2,97.20906,1.589,1.589,115734.010085623,201.19104,1.5142,23280220000.0,32768060000.0
2015-02-01,104.3025,99.5,98.36756,1.7365,1.7365,118828.576594863,190.1389,1.5329,22807250000.0,34187320000.0
2015-03-01,104.3932,99.6,99.52607,1.7941,1.7941,123814.959488602,209.5493,1.4958,22927979999.999996,33290599999.999996
2015-04-01,106.0855,99.9,100.0527,1.755,1.755,127185.295749026,255.48547,1.4968,23533990000.0,32533080000.0
2015-05-01,105.9059,100.1,100.4739,2.0243,2.0243,128928.265517892,272.46484,1.5456,24206810000.0,33666820000.0
2015-06-01,102.8565,100.1,100.5793,2.1696,2.1696,128518.177795449,199.78225,1.5576,23538290000.0,32792740000.000004
2015-07-01,100.7856,100.0,100.3686,2.1353,2.1353,132002.048262204,179.13893,1.556,22223450000.0,32238059999.999996
2015-08-01,97.74457,100.3,100.8952,1.9799,1.9799,136964.504663009,137.50152,1.5578,22709670000.000004,32419680000.0
2015-09-01,92.30527,100.2,100.7899,1.8814,1.8814,139695.824419962,279.84175,1.5338,23019860000.0,32216990000.000004
2015-10-01,96.14877000000001,100.3,101.6324,1.846,1.846,141553.351353594,155.6047,1.5343,22776850000.0,34094479999.999996
2015-11-01,95.63457,100.3,100.2633,1.9779,1.9779,136965.481478165,208.38194,1.5194,22451200000.0,32744770000.000004
2015-12-01,93.56385,100.4,99.84203,1.9234,1.9234,137534.739505898,164.42555,1.4981,22366260000.0,31232879999.999996
2016-01-01,90.03909,99.9,100.3686,1.7833,1.7833,140191.608090153,249.41543,1.4392,22734130000.0,32333079999.999996
2016-02-01,89.18767,100.1,99.84203,1.5032,1.5032,138569.827807246,312.5996,1.429,23046650000.0,33629430000.0
2016-03-01,93.30228,100.4,99.84203,1.5434,1.5434,142991.796063512,479.32598,1.4249,23293940000.0,33502270000.000004
2016-04-01,95.1037,100.6,102.475,1.5688,1.5688,150248.085876715,434.60922,1.4319,24301650000.0,35148650000.0
2016-05-01,93.60706,100.8,100.8952,1.5366,1.5366,147036.536812267,428.50929,1.4524,23548950000.0,33615429999.999996
2016-06-01,93.63906,101.0,99.94734,1.3105,1.3105,149191.772019511,799.93409,1.4197,23938390000.0,34848780000.0
2016-07-01,100.9262,100.9,99.94734,0.9569,0.9569,152170.620456988,1141.79554,1.3134,24200290000.0,35525729999.99999
2016-08-01,103.4513,101.2,99.52607,0.7421,0.7421,152116.410737116,458.68452,1.3101,24571679999.999996,36375800000.0
2016-09-01,103.3202,101.5,99.63139,0.8243,0.8243,132275.723275751,378.9745,1.314,24652980000.0,37364010000.0
2016-10-01,106.3142,101.6,97.41969,1.078,1.078,131318.982260917,545.11511,1.233,25600690000.0,36175270000.00001
2016-11-01,103.1622,101.8,98.99947,1.3818,1.3818,126097.69873495,816.20221,1.2432,25972220000.0,37582740000.0
2016-12-01,105.7012,102.2,101.1058,1.4336,1.4336,123500.303536683,468.02126,1.2483,26574490000.0,38741530000.0
2017-01-01,109.302,101.8,100.158,1.4203,1.4203,128140.124388968,539.22461,1.2367,26732760000.0,38126580000.0
2017-02-01,109.79,102.4,99.31543,1.3058,1.3058,127800.141350106,445.97403,1.2495,26985979999.999996,38700830000.0
2017-03-01,111.5961,102.7,98.47288,1.194,1.194,129491.657253359,418.65661,1.2347,27168159999.999996,39193490000.00001
2017-04-01,110.2385,103.2,98.89416000000001,1.0789,1.0789,136231.65494047,335.47583,1.2639,27559470000.0,39072600000.0
2017-05-01,112.4915,103.5,99.31543,1.1175,1.1175,137758.917312723,470.26432,1.2929,27266160000.0,38856429999.99999
2017-06-01,113.1798,103.5,99.31543,1.0846,1.0846,134919.16638677,709.74368,1.281,26932970000.0,38844740000.0
2017-07-01,112.1469,103.5,99.73670000000001,1.2713,1.2713,142803.162016111,466.47472,1.2996,27267120000.000004,38809570000.0
2017-08-01,112.3438,104.0,99.94734,1.1241,1.1241,142534.723528735,441.47925,1.2952,27386600000.0,39660280000.0
2017-09-01,111.2187,104.3,101.9484,1.2436,1.2436,136515.926448543,457.88155,1.334,28087100000.0,40149180000.0
2017-10-01,113.8502,104.4,102.3697,1.3816,1.3816,135978.729589577,485.84779,1.3202,27761459999.999996,38486400000.0
2017-11-01,112.835,104.7,102.7909,1.3299,1.3299,133158.524953155,520.00684,1.3217,28088800000.0,39069340000.00001
2017-12-01,113.6094,105.0,102.5803,1.2781,1.2781,137923.73496422,419.09911,1.3404,28035259999.999996,39792620000.0
2018-01-01,116.6877,104.5,103.9494,1.3931,1.3931,143099.892911005,395.88858,1.3824,28739320000.000004,39883350000.0
2018-02-01,110.0247,104.9,104.6867,1.6034,1.6034,141032.799465929,205.92891,1.3961,28071810000.0,38246040000.0
2018-03-01,107.4874,105.1,104.2654,1.508,1.508,144442.259896462,388.92644,1.3976,27929150000.0,39851560000.0
2018-04-01,110.3475,105.5,103.7388,1.5108,1.5108,141686.383802395,289.22596,1.4079,27297410000.0,38220279999.99999
2018-05-01,116.5558,105.9,103.1069,1.5016,1.5016,145526.814051645,355.05524,1.347,27816530000.0,39430980000.0
2018-06-01,116.1057,105.9,105.4239,1.4229,1.4229,142966.009408044,371.71624,1.3294,28623840000.0,40322040000.0
2018-07-01,116.0167,105.9,103.9494,1.3739,1.3739,140956.075741682,372.04322,1.3162,28775909999.999996,40312770000.0
2018-08-01,115.3089,106.5,103.9494,1.3991,1.3991,146434.61402511,302.5618,1.2878,28816879999.999996,41402670000.0
2018-09-01,111.9961,106.6,103.6335,1.5023,1.5023,141940.438191215,364.96503,1.3066,29307340000.000004,40732170000.0
2018-10-01,108.2222,106.7,102.7909,1.5462,1.5462,145295.03656398,451.38799,1.3012,28721359999.999996,40855270000.00001
2018-11-01,106.7632,106.9,101.6324,1.4541,1.4541,155060.280046552,451.17167,1.29,28432309999.999996,41394290000.00001
2018-12-01,102.8222,107.1,101.2112,1.3125,1.3125,159871.954949434,468.74661,1.2664,27766560000.0,41240450000.0
2019-01-01,103.9577,106.4,102.5803,1.3221,1.3221,161903.83781765,406.9074,1.2901,29087970000.000004,42415320000.0
2019-02-01,108.3783,106.8,103.2122,1.239,1.239,156535.841397352,460.38434,1.3016,29398830000.0,43077820000.0
2019-03-01,109.2462,107.0,104.2654,1.19,1.19,150377.588724466,417.98173,1.3167,29911279999.999996,44351250000.0
2019-04-01,112.7637,107.6,102.475,1.1906,1.1906,153940.259114025,350.97569,1.3029,27542109999.999996,38595610000.0
2019-05-01,110.3894,107.9,103.8441,1.13,1.13,143313.090215124,400.54899,1.2855,27931590000.000004,40110950000.0
2019-06-01,111.5929,107.9,104.3707,0.919,0.919,146737.058505057,354.84107,1.2675,28188380000.0,39670809999.99999
2019-07-01,114.4728,108.0,105.3186,0.8304,0.8304,154147.511546514,435.4997,1.2461,28182660000.0,39993970000.00001
2019-08-01,109.1551,108.3,104.792,0.5776,0.5776,152579.96822312,505.47775,1.216,28538200000.0,41566070000.0
2019-09-01,110.9959,108.4,106.6877,0.5981,0.5981,144183.284451684,429.23981,1.2369,28927280000.0,41412170000.0
2019-10-01,109.4995,108.3,108.1622,0.6373,0.6373,160137.898139493,542.47842,1.2657,28243950000.0,42040970000.0
2019-11-01,111.4263,108.5,108.4781,0.765,0.765,155089.808522594,459.14113,1.2884,26843450000.0,37347600000.0
2019-12-01,112.5802,108.5,109.6367,0.8308,0.8308,158375.688711634,407.36201,1.3109,27560760000.0,37049080000.0
2020-01-01,114.5953,108.3,111.4271,0.7235,0.7235,153576.134878052,390.30472,1.3076,27807579999.999996,37274710000.0
2020-02-01,110.8974,108.6,113.2175,0.633,0.633,150949.431397431,238.03452,1.2953,26773420000.0,36694710000.0
2020-03-01,87.06705,108.6,104.5814,0.4609,0.4609,154166.576163856,386.63553,1.2369,24794550000.0,35014610000.0
2020-04-01,87.03309,108.6,88.57293,0.3577,0.3577,156418.086866867,322.86985,1.242,18837280000.0,26651740000.000004
2020-05-01,90.33038,108.6,95.41864,0.2743,0.2743,157193.081759707,291.24947,1.2302,20186239999.999996,27129090000.0
2020-06-01,94.69035,108.8,105.5292,0.278,0.278,155407.540026542,294.32232,1.2523,22342790000.0,31367900000.0
2020-07-01,93.51866,109.2,110.4792,0.2094,0.2094,158234.044397862,343.81095,1.2701,23521950000.0,33665999999.999996
2020-08-01,92.02005,108.8,112.9015,0.2717,0.2717,157126.048980444,293.55097,1.3143,24732950000.0,35085890000.0
2020-09-01,89.9651,109.2,113.2175,0.273,0.273,150461.370877343,276.29085,1.2947,24653180000.0,38028600000.0
2020-10-01,88.72896999999999,109.2,113.0068,0.3058,0.3058,153225.958963514,322.77067,1.298,25788240000.0,38902470000.0
2020-11-01,94.35523,109.1,113.3228,0.3836,0.3836,161108.143201823,313.84183,1.3198,26648340000.0,41149540000.0
2020-12-01,98.82664,109.4,111.4271,0.3224,0.3224,161188.410120185,210.90306,1.3434,26599759999.999996,41318659999.99999
2021-01-01,101.4009,109.3,107.8462,0.3672,0.3672,154989.456246086,199.22395,1.3641,21521310000.0,33806220000.000004
2021-02-01,99.82986,109.4,106.8984,0.6222,0.6222,153876.66759511,172.01046,1.3867,23716710000.0,36021710000.0
2021-03-01,101.8014,109.7,106.3718,0.8456,0.8456,154220.474663911,211.31998,1.3863,25735610000.0,37320609999.99999
2021-04-01,104.7217,110.4,104.8973,0.8515,0.8515,154415.134440787,174.97536,1.3845,25425230000.0,38228750000.0
2021-05-01,106.4692,111.0,104.792,0.9058,0.9058,152301.905167645,171.23832,1.4084,26598070000.0,39432570000.0
2021-06-01,107.6213,111.4,103.1069,0.8549,0.8549,149929.821627598,124.26291,1.4025,25885600000.0,39203620000.0
2021-07-01,106.8666,111.4,102.0537,0.6979,0.6979,151378.810768585,178.62497,1.3808,26221280000.0,40357409999.99999
2021-08-01,108.2514,112.1,102.159,0.644,0.644,174061.397625754,175.7651,1.3797,25639229999.999996,39385240000.0
2021-09-01,107.1312,112.4,101.0005,0.8023,0.8023,175878.798003056,159.41849,1.3732,26344980000.0,42451440000.00001
2021-10-01,108.6177,113.4,100.158,1.083,1.083,174753.479796724,206.54662,1.3701,27908470000.0,42150160000.0
2021-11-01,110.1591,114.1,101.7378,0.9394,0.9394,175058.294888743,243.69115,1.3463,27823629999.999996,43356440000.0
2021-12-01,110.5146,114.7,101.9484,0.8375,0.8375,176024.004961702,207.10461,1.3303,28409720000.0,46783730000.0
2022-01-01,113.6568,114.6,101.5271,1.2051,1.2051,168394.734590176,186.75595,1.3555,27312910000.0,50353020000.0
2022-02-01,114.2632,115.4,101.2112,1.4891,1.4891,169052.580929296,111.09922,1.354,28524600000.0,48868690000.0
2022-03-01,110.9183,116.5,100.8952,1.5457,1.5457,171196.649348115,311.47345,1.3168,29462790000.0,52040000000.0
2022-04-01,114.6437,119.0,100.7899,1.8362,1.8362,161830.050414685,243.41052,1.2933,30658360000.0,52667730000.00001
2022-05-01,112.9969,119.7,101.0005,1.9069,1.9069,159669.577956886,257.30887,1.2438,31679590000.0,53657080000.00001
2022-06-01,110.677,120.5,100.0527,2.3824,2.3824,156970.587848744,266.21208,1.232,30692970000.000004,50757880000.0
2022-07-01,109.5683,121.2,99.52607,2.1454,2.1454,154458.487457606,347.90979,1.1987,32579240000.000008,52377170000.0
2022-08-01,113.2166,121.8,98.99947,2.3278,2.3278,153637.234053767,270.22756,1.1983,33236470000.000004,54153490000.00001
2022-09-01,109.0082,122.3,98.78883,3.5007,3.5007,143168.419872657,343.61267,1.132,32814870000.0,51613160000.0
2022-10-01,105.719,124.3,99.21011,4.1096,4.1096,147883.951063842,548.2784,1.1332,32019529999.999996,51225460000.0
2022-11-01,111.7236,124.8,98.99947,3.4171,3.4171,155708.311898185,394.90492,1.1727,32171400000.0,52115790000.00001
2022-12-01,113.3291,125.3,99.10479,3.5015,3.5015,158329.888611581,247.44959,1.218,32275810000.0,58747390000.0
2023-01-01,117.266,124.8,98.99947,3.5115,3.5115,157178.426346746,267.36625,1.2237,31959320000.0,53266030000.00001
2023-02-01,120.0188,126.0,99.10479,3.5553,3.5553,150887.549918124,267.98471,1.2084,31480140000.000004,52700520000.0
2023-03-01,115.8184,126.8,99.73670000000001,3.5638,3.5638,153635.179866158,297.87573,1.2138,30732329999.999996,49968109999.99999
2023-04-01,118.566,128.3,99.84203,3.6503,3.6503,155736.027271694,218.15759,1.2446,31548320000.0,51186840000.0
2023-05-01,116.9485,129.1,98.89416000000001,3.9621,3.9621,151735.733463413,286.87349,1.2484,30660960000.0,52181300000.0
2023-06-01,114.5883,129.4,101.5271,4.3659,4.3659,154203.902263756,243.64958,1.2627,30547370000.0,49223390000.0
2023-07-01,113.9178,129.0,100.4739,4.4372,4.4372,158791.92242353,276.09509,1.2893,30765009999.999996,48972830000.0
2023-08-01,112.8674,129.4,100.0527,4.5298,4.5298,157474.646905291,267.4251,1.2706,29584920000.0,47681120000.0
2023-09-01,114.8787,130.1,99.84203,4.4199,4.4199,151702.348915826,255.42736,1.2381,29828340000.0,46852470000.00001
2023-10-01,113.4461,130.2,98.47288,4.5695,4.5695,151405.668687485,270.91056,1.2175,30358280000.0,49983140000.0
2023-11-01,112.8533,130.0,98.99947,4.2721,4.2721,154558.623754431,250.73352,1.2437,30441229999.999996,48502700000.0
2023-12-01,115.4689,130.5,99.63139,3.8622,3.8622,157340.769137404,162.62321,1.2657,30150070000.0,48361390000.0
2024-01-01,115.3066,130.0,99.10479,3.9319,3.9319,153809.638860369,256.49037,1.2701,29619420000.0,45898610000.0
2024-02-01,115.8311,130.8,100.0527,4.123,4.123,152818.443347572,254.38125,1.263,29718310000.0,45685670000.0
2024-03-01,117.9558,131.6,100.2633,4.033,4.033,153682.722633046,171.84816,1.2713,29591459999.999996,47396120000.0
2024-04-01,120.9609,132.2,,4.2172,4.2172,147978.210397509,190.47289,1.2517,28835100000.0,48592090000.0
2024-05-01,126.2393,132.7,,4.2229,4.2229,151761.359534591,265.26236,1.2636,28401670000.000004,47499520000.00001
2024-06-01,124.5847,133.0,,4.1644,4.1644,149466.124302346,218.6309,1.2716,30254630000.0,51924360000.0
2024-07-01,124.4262,132.9,,4.1386,4.1386,152868.164714553,113.29084,1.287,28897430000.0,47997000000.0
2024-08-01,125.2097,133.4,,3.9444,3.9444,155334.369659826,181.54405,1.2945,30302390000.000004,49029230000.0
2024-09-01,125.3474,133.5,,3.9053,3.9053,154515.2862688,303.67783,1.3219,28108710000.0,45572950000.0
2024-10-01,125.363,134.3,,4.1993,4.1993,150987.838326147,388.31066,1.3043,27872759999.999996,47891520000.0
2024-11-01,123.711,134.6,,4.4164,4.4164,151038.613797078,396.50595,1.2738,28290159999.999996,49740990000.0
2024-12-01,124.7651,135.1,,4.4345,4.4345,148569.354566836,409.25162,1.2647,28501009999.999996,48003690000.0
