DATE,Share_Prices,CPI,Prod_Vol,Intr_Rate,Intr_10Y,Total Reserves,Exchange,Exports,Imports,^FTSE,Real GDP,M1,Unemp,Emp
1/1/91,31.94394,57,77.40916,10.59,10.59,36097.31714,1.9346,8470339000,10027970000,2106.636386,346292,174324,7.8,71.9
2/1/91,34.54787,57.2,77.40916,10.13,10.13,39115.16734,1.9641,8318323000,9350975000,2278.359973,,174474,8,71.7
3/1/91,37.14758,57.5,76.56661,10.29,10.29,37275.22679,1.8214,8421284000,9984999000,2449.780005,,180070,8.2,71.5
4/1/91,38.1236,58.7,75.51343,10.19,10.19,38542.52653,1.7497,8711617000,9451614000,2514.171456,345892,178767,8.5,71.2
5/1/91,37.8074,59.2,76.4613,10.38,10.38,38501.92491,1.7238,8640139000,9692346000,2493.319022,,182331,8.7,71
6/1/91,37.83494,59.5,76.67194,10.58,10.58,38205.76386,1.6497,8740049000,10040320000,2495.13501,,185210,8.8,70.7
7/1/91,38.3652,59.3,76.04002,10.28,10.28,39257.88786,1.6513,8925630000,9861808000,2529.99545,345216,181565,9,70.5
8/1/91,39.43264,59.9,75.19747,10.03,10.03,39281.37509,1.6841,8914813000,10378010000,2600.499977,,180004,9.2,70.3
9/1/91,39.76111,60.1,75.30279,9.64,9.64,40364.90698,1.7265,8607252000,9997826000,2622.161923,,186067,9.3,70.1
10/1/91,39.13484,60.4,76.25066,9.72,9.72,39901.88781,1.7231,8779576000,9957173000,2580.860893,345643,181008,9.4,69.9
11/1/91,37.9859,60.5,76.4613,9.77,9.77,40456.38238,1.7796,8859028000,10146250000,2505.090483,,183658,9.5,69.8
12/1/91,36.5515,60.7,76.14534,9.66,9.66,41891.98461,1.8272,9189127000,9980129000,2410.495007,,183763,9.5,69.6
1/1/92,38.2148,60.5,76.14534,9.46,9.46,41163.64983,1.809,8470797000,9621351000,2520.186357,345523,181662,9.6,69.5
2/1/92,38.56544,60.8,76.56661,9.3,9.3,40861.01679,1.7778,8700043000,10206240000,2543.309998,,181842,9.7,69.4
3/1/92,37.83648,61.1,76.25066,9.68,9.68,40194.07407,1.7238,8799676000,10114470000,2495.23635,,188024,9.8,69.3
4/1/92,38.65847,61.8,76.77725,9.43,9.43,40869.31652,1.7566,9059574000,10585090000,2549.444995,344987,187699,9.8,69.2
5/1/92,40.97684,62.2,75.19747,9.02,9.02,41721.61767,1.8095,9233796000,10547980000,2702.33685,,188056,9.8,69.1
6/1/92,39.49233,62.2,75.9347,9.12,9.12,42653.6745,1.8551,8939610000,10022890000,2604.436379,,189989,9.9,69
7/1/92,37.04821,62,76.67194,9.05,9.05,43342.52389,1.9177,8972725000,10319060000,2443.252165,346628,186947,9.9,68.9
8/1/92,35.5448,62.1,76.56661,9.35,9.35,43515.06284,1.9434,8519217000,10629240000,2344.105029,,184141,9.9,68.9
9/1/92,37.18707,62.3,77.09321,9.19,9.19,40361.41027,1.8465,8973626000,10195490000,2452.40908,,191295,10.1,68.8
10/1/92,39.22931,62.5,77.93575,8.65,8.65,38574.09865,1.6529,9305676000,10669000000,2587.090909,349299,192629,10.2,68.7
11/1/92,41.1373,62.5,76.88257,8.19,8.19,37599.95775,1.5268,9589793000,11236800000,2711.475012,,195819,10.4,68.5
12/1/92,42.12423,62.6,76.77725,8.32,8.32,36641.02707,1.551,9721490000,11192260000,2778.004755,,191757,10.5,68.4
1/1/93,42.31052,62.4,76.88257,8.48,8.29,37721.36827,1.5325,9747426000,10599210000,2790.28999,351046,189553,10.7,68.3
2/1/93,43.06687,62.7,77.93575,8.11,7.95,38065.62719,1.4395,9807767000,11436920000,2840.169983,,192026,10.6,68.4
3/1/93,43.92835,63,77.30384,7.85,7.72,36729.26123,1.4617,9808387000,11253710000,2897.065217,,196573,10.6,68.3
4/1/93,43.02563,63.4,77.40916,7.97,7.89,38011.7913,1.5447,9669147000,11275940000,2837.450024,352612,196168,10.5,68.4
5/1/93,42.91449,63.6,77.93575,8.22,8.15,38151.00483,1.5477,9786341000,11409440000,2830.126336,,198991,10.4,68.4
6/1/93,43.5904,63.6,77.51448,8.01,7.96,37058.52253,1.5082,9828139000,11221720000,2874.695435,,200963,10.4,68.4
7/1/93,43.22702,63.4,78.14639,7.62,7.62,37153.39123,1.4955,9802660000,11583610000,2850.731812,355841,201165,10.3,68.4
8/1/93,45.78275,63.7,78.35703,7.1,7.07,37867.26199,1.4914,10041250000,11088270000,3019.276216,,203072,10.2,68.5
9/1/93,45.91441,64,78.67299,7.02,6.96,38329.2835,1.5248,10166460000,11604010000,3028.122736,,204579,10.3,68.5
10/1/93,47.38812,64,78.88362,6.92,6.87,38143.23497,1.5023,10249120000,11653180000,3125.061919,358264,203856,10.2,68.5
11/1/93,47.18249,63.8,79.62085,6.88,6.85,37667.99734,1.4808,10025210000,11383490000,3111.586381,,209227,10.3,68.5
12/1/93,50.24694,64,79.83149,6.4253,6.4253,36776.66713,1.4913,10225670000,11531230000,3313.680943,,210927,10.3,68.5
1/1/94,52.03031,64,80.35809,6.3794,6.3794,37209.13274,1.4923,10649770000,12216270000,3431.290015,361793,212538,10.1,68.6
2/1/94,51.50126,64.2,80.56872,6.7572,6.7572,37702.92096,1.4792,10646100000,11990400000,3396.4,,214541,9.9,68.7
3/1/94,48.61591,64.4,80.88467,7.417,7.417,38383.45244,1.4919,10805520000,12418400000,3206.117357,,219160,9.8,68.8
4/1/94,47.47591,64.9,81.93786,7.8401,7.8401,39131.26805,1.4823,10962840000,11990500000,3130.936845,365109,216936,9.7,68.8
5/1/94,46.84349,65.1,82.99105,8.2825,8.2825,39236.74325,1.5042,10883320000,12474630000,3089.230005,,219802,9.7,68.8
6/1/94,45.19235,65.1,82.04318,8.7105,8.7105,39914.99868,1.5262,11209440000,12569580000,2980.340898,,217632,9.6,69
7/1/94,46.04493,64.7,82.46445,8.533,8.533,40143.14627,1.5467,11271410000,12519490000,3036.56665,368798,217784,9.5,69
8/1/94,48.19706,65.1,82.78041,8.6524,8.6524,40171.46109,1.5422,11555930000,12219100000,3178.495461,,219561,9.4,69
9/1/94,46.98164,65.2,83.51764,8.8959,8.8959,40655.98505,1.5661,11654730000,12378290000,3098.340909,,220399,9.3,69
10/1/94,46.1996,65.1,83.72828,8.7797,8.7797,41897.90867,1.6064,11794390000,12836230000,3046.76666,370401,218063,9.1,69.1
11/1/94,46.80747,65.2,83.62296,8.6361,8.6361,40841.25401,1.5892,12029790000,12913950000,3086.854559,,221095,9,69.1
12/1/94,45.8941,65.5,84.46551,8.5814,8.5814,41012.66912,1.5587,11879580000,13697110000,3026.620007,,218013,8.9,69
1/1/95,45.9195,65.5,82.99105,8.7349,8.7349,40351.11203,1.5746,12397710000,13275300000,3028.271415,372307,218028,8.9,69.1
2/1/95,46.27402,65.7,83.09637,8.6557,8.6557,40828.3982,1.572,12553110000,13266420000,3051.675,,221806,8.9,69.2
3/1/95,46.67683,66,83.41232,8.5938,8.5938,42583.08807,1.6002,12684560000,13119640000,3078.23913,,233846,8.8,69.3
4/1/95,48.49855,66.4,84.04424,8.4378,8.4378,42918.34338,1.6073,12531020000,14197280000,3198.377767,373090,228208,8.8,69.4
5/1/95,49.8623,66.7,83.93891,8.1802,8.1802,42616.39769,1.5874,12638450000,13982590000,3288.314279,,232410,8.7,69.4
6/1/95,50.82117,66.8,83.41232,8.1097,8.1097,43139.65986,1.5948,12757750000,14197320000,3351.550016,,232449,8.7,69.5
7/1/95,51.9576,66.6,83.93891,8.2613,8.2613,43662.97776,1.5952,12825230000,14420060000,3426.495233,377249,236108,8.6,69.6
8/1/95,52.87438,66.9,84.04424,8.1169,8.1169,41934.59161,1.5668,12897930000,14238500000,3486.954534,,245470,8.6,69.6
9/1/95,53.59187,67.2,84.36019,7.9486,7.9486,42691.57377,1.559,13483160000,15026110000,3534.271415,,251377,8.6,69.7
10/1/95,53.55439,67.1,84.04424,8.0967,8.0967,42944.76826,1.5779,13143670000,14844480000,3531.800016,378442,247583,8.6,69.7
11/1/95,54.29002,67.1,84.46551,7.7752,7.7752,42284.50138,1.5625,13647610000,14595100000,3580.313632,,249812,8.3,69.9
12/1/95,55.33458,67.5,84.9921,7.4926,7.4926,42015.6083,1.5405,13575320000,14808170000,3650.047363,,249216,8.4,70
1/1/96,56.35791,67.4,84.57082,7.4408,7.4408,38859.0418,1.5288,13820440000,15063850000,3715.763639,380976,250562,8.3,69.9
2/1/96,56.68225,67.7,85.20274,7.7618,7.7618,39446.33473,1.536,13775390000,15243440000,3738.076218,,251192,8.2,69.9
3/1/96,56.06698,67.9,85.30806,8.057,8.057,39196.32695,1.5271,14095170000,15347480000,3697.5,,260107,8.3,69.9
4/1/96,57.5047,68.3,84.25487,8.0602,8.0602,39127.16541,1.516,14032460000,15742870000,3792.315015,382146,259556,8.3,69.9
5/1/96,56.99058,68.6,84.88678,8.0871,8.0871,39135.70898,1.5152,14056800000,15609830000,3758.409517,,259870,8.3,69.9
6/1/96,56.62075,68.7,84.36019,8.054,8.054,39132.76378,1.5416,13982150000,15901000000,3734.019995,,269749,8.2,69.9
7/1/96,56.2142,68.3,84.25487,7.9162,7.9162,42534.16672,1.553,13932830000,15441840000,3707.208708,385671,267076,8.1,70
8/1/96,58.25435,68.7,84.88678,7.8219,7.8219,42309.65478,1.5499,14112590000,15119650000,3841.752372,,263626,8.1,70
9/1/96,59.54844,69,85.41338,7.8151,7.8151,37770.70665,1.5593,14357340000,15671240000,3927.095226,,278643,8.1,70.1
10/1/96,60.97217,69.1,85.30806,7.5413,7.5413,40686.03316,1.5863,14463460000,15376750000,4020.986965,391053,268664,8,70.3
11/1/96,60.1921,69.2,85.83465,7.5952,7.5952,40280.71783,1.6623,14287670000,15388670000,3969.542864,,274377,7.8,70.3
12/1/96,61.24356,69.4,86.1506,7.5716,7.5716,39896.22086,1.6639,13997890000,15361790000,4038.88501,,271280,7.7,70.5
1/1/97,63.14247,69.2,86.1506,7.5552,7.5552,35854.57823,1.6585,14645320000,15337410000,4166.495439,397303,274230,7.5,70.6
2/1/97,65.45416,69.3,86.46656,7.1962,7.1962,35176.90374,1.6256,14441100000,15535790000,4316.564941,,277033,7.3,70.8
3/1/97,65.9578,69.4,85.20274,7.4544,7.4544,35220.89197,1.6096,14255910000,15694740000,4349.778911,,288854,7.2,70.9
4/1/97,65.39266,69.7,87.30911,7.638,7.638,35130.97485,1.6293,14366720000,15808690000,4312.509166,401790,288107,7.2,70.9
5/1/97,70.09495,70,86.99316,7.1681,7.1681,35488.83549,1.6322,14286560000,15601910000,4622.614966,,297794,7.2,71
6/1/97,70.50103,70.1,87.20379,7.1418,7.1418,35184.782,1.6449,14330140000,16020510000,4649.395229,,326303,7.3,70.9
7/1/97,73.43444,70,88.99421,7.0577,7.0577,34672.93284,1.6694,14438710000,15863420000,4842.847826,405233,331402,7.1,70.9
8/1/97,74.99184,70.3,87.94102,7.0893,7.0893,34990.03944,1.6035,14404500000,15390230000,4945.554956,,325455,6.8,71.1
9/1/97,75.97443,70.5,88.46761,6.8216,6.8216,35261.2974,1.6013,14349000000,15647760000,5010.354581,,331354,6.7,71.1
10/1/97,78.0181,70.6,89.5208,6.5109,6.5109,33444.57687,1.633,14326370000,15795000000,5145.130414,411352,327788,6.6,71.2
11/1/97,73.4858,70.6,89.62612,6.624,6.624,32946.95187,1.6889,14215640000,16034120000,4846.239941,,334472,6.5,71.2
12/1/97,77.14473,70.7,89.83675,6.3739,6.3739,32316.81533,1.6597,14530760000,16224490000,5087.538063,,327876,6.4,71.2
1/1/98,79.48843,70.4,89.83675,6.0978,6.0978,30406.71957,1.635,14106260000,15134370000,5242.095215,414377,331633,6.4,71.2
2/1/98,85.76572,70.6,90.67931,6.0461,6.0461,30504.39691,1.6408,13934620000,16136740000,5657.724927,,335391,6.4,71.3
3/1/98,88.88524,70.8,91.31122,5.992,5.992,30140.85291,1.6619,13783580000,15846460000,5861.799982,,351540,6.3,71.3
4/1/98,90.59431,71.2,91.73249,5.8249,5.8249,31206.65317,1.6723,13546050000,15331910000,5974.515039,416909,342578,6.3,71.3
5/1/98,90.02137,71.5,90.99526,5.8648,5.8648,31104.25095,1.6382,13633680000,16051450000,5936.721037,,351488,6.3,71.3
6/1/98,88.65847,71.4,91.31122,5.7743,5.7743,30927.58001,1.6504,13739360000,15796780000,5847.05451,,360803,6.3,71.4
7/1/98,90.81964,71.2,90.99526,5.8319,5.8319,31557.45944,1.6437,13471960000,15547920000,5987.204399,418294,352855,6.3,71.6
8/1/98,84.24483,71.4,91.52185,5.5706,5.5706,31595.56922,1.6342,13437020000,15575560000,5555.77002,,348770,6.2,71.6
9/1/98,78.39335,71.7,91.83781,5.151,5.151,32676.63085,1.6823,13355750000,16038330000,5171.927313,,359890,6.2,71.6
10/1/98,76.78547,71.7,91.83781,5.0114,5.0114,33721.1907,1.6944,13343960000,15540330000,5063.850009,421074,358894,6.2,71.8
11/1/98,84.8485,71.8,92.04845,4.9292,4.9292,33055.2173,1.6611,13312990000,15746940000,5595.580915,,368982,6.1,71.8
12/1/98,86.22351,72,92.3644,4.5175,4.5175,32211.54727,1.6708,13079850000,15639300000,5686.260034,,353920,6.2,71.9
1/1/99,90.61455,71.8,93.73354,4.2868,4.2868,30065.79255,1.6498,13081640000,15929800000,5975.840039,423875,359951,6.2,71.9
2/1/99,91.14444,71.9,93.83886,4.4319,4.4319,29556.64358,1.6276,13057960000,15930220000,6010.78501,,362493,6.2,71.9
3/1/99,93.53667,72.3,94.78673,4.6554,4.6554,29301.63785,1.6213,13358710000,15941320000,6168.560865,,374161,6.2,71.8
4/1/99,97.95406,72.6,94.5761,4.592,4.592,29387.77215,1.6089,13065360000,15434390000,6459.865015,425920,369023,6.1,71.8
5/1/99,95.8641,72.8,95.52396,4.9068,4.9068,29127.99162,1.6154,13334020000,15569370000,6322.036852,,372564,6,71.9
6/1/99,97.43786,72.7,95.31332,5.1716,5.1716,28912.71435,1.595,13427220000,15960450000,6425.836359,,388420,6,71.9
7/1/99,97.3925,72.4,96.26119,5.3721,5.3721,38558.10997,1.5751,13845840000,16516900000,6422.836337,432860,382941,5.9,72
8/1/99,94.17902,72.6,96.99842,5.4312,5.4312,33685.8499,1.6058,14391550000,17158870000,6210.923782,,386005,5.9,72.1
9/1/99,92.75406,72.8,97.52502,5.6909,5.6909,37976.2439,1.6247,14479290000,16732120000,6116.940962,,390568,5.8,72.1
10/1/99,92.06054,72.8,96.8931,5.8801,5.8801,37994.76299,1.6572,14340480000,16967120000,6071.209519,439093,391250,5.8,72.2
11/1/99,98.3731,72.9,97.63033,5.3145,5.3145,40652.53064,1.6205,14322180000,16904440000,6487.499956,,400650,5.8,72.3
12/1/99,101.8959,73.1,96.36651,5.389,5.389,40223.84706,1.6132,14216330000,16945370000,6719.82002,,390731,5.9,72.2
1/1/00,98.46317,72.6,97.20906,5.8227,5.8227,43008.9149,1.6404,14653360000,17759470000,6471.605005,444540,402359,5.8,72.2
2/1/00,93.68788,72.8,97.52502,5.6347,5.6347,38384.79787,1.6,14694850000,17312230000,6178.50951,,404313,5.8,72.3
3/1/00,99.19132,73,97.20906,5.3707,5.3707,37311.51837,1.5799,15012450000,17248990000,6541.465247,,418147,5.7,72.3
4/1/00,95.6144,73.3,96.99842,5.3213,5.3213,38281.24149,1.5823,15053420000,18386240000,6312.7111,447825,418631,5.6,72.4
5/1/00,94.2506,73.5,97.31438,5.4033,5.4033,39427.37813,1.509,15129690000,17580160000,6210.257115,,430526,5.5,72.5
6/1/00,97.88135,73.6,97.84097,5.2097,5.2097,40037.12773,1.5092,15659010000,18113480000,6455.072687,,438814,5.3,72.6
7/1/00,97.55154,73.3,97.20906,5.2388,5.2388,40770.33939,1.5076,15312380000,19209590000,6433.319057,450688,437535,5.3,72.7
8/1/00,98.31472,73.3,98.47288,5.3312,5.3312,39785.57648,1.4889,15888020000,18641980000,6480.0182,,435987,5.3,72.6
9/1/00,97.99598,73.8,98.15692,5.3873,5.3873,39873.62972,1.4336,15861690000,19024400000,6462.633394,,446786,5.4,72.5
10/1/00,95.43305,73.8,98.36756,5.2179,5.2179,41599.5678,1.4506,15959410000,18950660000,6293.609064,453447,450245,5.3,72.4
11/1/00,96.45219,74,99.21011,5.0983,5.0983,43729.7688,1.4258,16248290000,19622660000,6360.831809,,448926,5.2,72.5
12/1/00,94.45728,74,101.3165,4.9118,4.9118,46637.8042,1.4629,16350990000,20357410000,6243.136822,,451750,5.2,72.7
1/1/01,93.93384,73.5,101.0005,4.8471,4.8471,45551.58246,1.4775,16667540000,19905740000,6193.477251,457680,457305,5.2,72.6
2/1/01,92.77641,73.7,101.1058,4.8248,4.8248,42226.70777,1.4525,16662640000,20175840000,6118.419995,,459585,5.1,72.6
3/1/01,86.63519,73.9,101.9484,4.703,4.703,43084.95814,1.4445,16023180000,19525190000,5713.409091,,482339,5,72.7
4/1/01,87.45948,74.4,102.475,4.9468,4.9468,42910.7304,1.4348,15666540000,19649720000,5767.899979,459620,478628,4.9,72.7
5/1/01,89.12459,74.9,101.9484,5.1153,5.1153,43323.21842,1.4265,15649660000,19040250000,5877.361886,,482980,5,72.7
6/1/01,87.23643,75,102.6856,5.1951,5.1951,44183.80707,1.402,16151070000,19932080000,5753.071452,,491547,5,72.6
7/1/01,82.82916,74.5,102.3697,5.2037,5.2037,42815.09196,1.4148,15620950000,18716480000,5462.427313,462016,492632,5.1,72.6
8/1/01,82.57365,74.8,103.5282,4.9854,4.9854,44200.22101,1.4372,15674650000,19126820000,5444.368186,,484083,5.1,72.5
9/1/01,74.10683,75,103.0016,4.9876,4.9876,44218.44734,1.4638,15657410000,18562210000,4887.19502,,505598,5.1,72.5
10/1/01,76.72768,74.9,102.3697,4.8253,4.8253,44021.02264,1.4501,15804720000,18480490000,5060.030443,463404,502863,5.1,72.6
11/1/01,79.49183,74.9,102.475,4.6271,4.6271,44332.93712,1.4356,15315580000,18274920000,5242.327326,,505822,5.2,72.6
12/1/01,78.56064,75,102.0537,4.8928,4.8928,44259.38692,1.4413,14847250000,18479690000,5181.273694,,501962,5.2,72.5
1/1/02,78.72865,74.8,101.4218,4.9171,4.9171,44710.58844,1.4322,15439380000,18086940000,5190.854537,464698,495981,5.1,72.5
2/1/02,77.74014,75,101.5271,4.9251,4.9251,44949.72809,1.4227,15493500000,18932880000,5126.809961,,496013,5.2,72.5
3/1/02,79.65878,75.2,103.4229,5.2202,5.2202,44700.01643,1.423,15705350000,19310960000,5252.405005,,508735,5.2,72.6
4/1/02,78.99113,75.6,101.2112,5.2331,5.2331,45729.49369,1.4429,15507690000,18767770000,5206.328567,466935,503636,5.2,72.6
5/1/02,78.38474,75.8,104.3707,5.2689,5.2689,46479.32181,1.4598,16536800000,19049910000,5167.790927,,507596,5.2,72.7
6/1/02,72.29372,75.8,98.99947,5.099,5.099,49194.11723,1.4837,15889280000,19087940000,4732.361084,,528891,5.2,72.6
7/1/02,64.26421,75.6,105.5292,5.0027,5.0027,48970.87928,1.5565,15833440000,19119940000,4238.09565,470277,522458,5.2,72.7
8/1/02,64.6251,75.8,105.3186,4.746,4.746,49056.30584,1.5368,15100950000,18863000000,4255.814267,,521244,5.3,72.6
9/1/02,59.99751,76,106.8984,4.5006,4.5006,51206.25669,1.5563,15521470000,18944310000,3956.723819,,540300,5.2,72.7
10/1/02,60.18265,76.1,105.5292,4.616,4.616,52007.97253,1.5575,15030400000,18894440000,3968.926068,473899,535512,5.2,72.8
11/1/02,62.20182,76.1,105.8452,4.6378,4.6378,52955.63644,1.5711,14885520000,19087500000,4102.085763,,540369,5.1,72.9
12/1/02,59.87089,76.3,106.6877,4.5644,4.5644,51500.4763,1.5863,14887750000,18459090000,3948.999963,,541918,5,72.8
1/1/03,57.52252,75.9,106.1611,4.3899,4.3899,46040.43674,1.6175,15615240000,18961380000,3786.827282,477357,538903,5.1,72.6
2/1/03,55.25437,76.1,107.3196,4.2131,4.2131,46225.0243,1.6079,15146390000,19356890000,3643.91001,,543957,5.2,72.7
3/1/03,55.16339,76.4,107.0037,4.3243,4.3243,45480.98876,1.5825,15465940000,19303440000,3637.90954,,560638,5.1,72.7
4/1/03,58.61187,76.8,106.4771,4.4663,4.4663,45373.23691,1.5739,16420150000,19227630000,3862.949988,481552,552705,5,72.8
5/1/03,60.44756,76.8,105.1079,4.2197,4.2197,47555.60591,1.6224,15287640000,19696220000,3988.41499,,567765,4.9,72.9
6/1/03,62.46885,76.7,105.7399,4.1127,4.1127,48303.48434,1.6609,14386380000,19284470000,4119.699974,,572362,5.1,72.8
7/1/03,61.85336,76.6,106.3718,4.4078,4.4078,48490.57826,1.6221,15540160000,19260420000,4079.108727,485973,561559,5.1,72.8
8/1/03,63.41202,76.8,106.5824,4.604,4.604,48336.90227,1.5939,16118240000,19598530000,4179.699976,,567110,5,72.8
9/1/03,64.21674,77,106.7931,4.7132,4.7132,50520.94139,1.6155,15395870000,20100200000,4234.963679,,584193,5,72.8
10/1/03,65.05786,77.1,108.6888,4.9071,4.9071,49768.26754,1.6792,15567960000,20263040000,4290.430452,490059,583603,4.9,72.8
11/1/03,65.95235,77.1,107.2143,5.065,5.065,50481.7301,1.6897,15411740000,20266200000,4349.444971,,593071,4.9,72.8
12/1/03,66.67201,77.3,107.2143,4.896,4.896,52147.82167,1.7516,15516140000,20007920000,4392.33331,,593848,4.8,73
1/1/04,67.79669,77,108.5835,4.7875,4.7875,49667.69159,1.8255,15012830000,20505010000,4470.776204,492014,599204,4.8,73
2/1/04,67.37318,77.2,108.2675,4.8056,4.8056,49835.44378,1.8673,15294240000,19592640000,4443.13501,,599676,4.8,73
3/1/04,67.42761,77.3,108.3728,4.7088,4.7088,52864.26951,1.8261,15197770000,19714460000,4446.713039,,621874,4.8,73
4/1/04,68.43538,77.6,108.8994,4.957,4.957,51561.63502,1.8031,15323000000,20557590000,4515.52002,494824,621945,4.8,72.9
5/1/04,67.53452,77.9,107.3196,5.1118,5.1118,52181.21678,1.786,15370710000,20883290000,4453.078947,,622445,4.8,72.9
6/1/04,67.90693,77.9,107.109,5.2,5.2,51889.8045,1.8279,15512940000,20488470000,4478.331854,,642165,4.8,72.8
7/1/04,66.15358,77.7,106.6877,5.1083,5.1083,52539.53648,1.8438,15684040000,21105300000,4362.700018,496642,636944,4.7,72.8
8/1/04,66.53008,77.9,105.1079,5.0071,5.0071,52067.98305,1.8203,15691850000,21308750000,4382.647647,,647188,4.7,72.9
9/1/04,69.15671,77.9,104.792,4.9109,4.9109,52389.79291,1.7937,16091050000,21176080000,4560.745428,,655331,4.7,72.9
10/1/04,70.43696,78.1,104.792,4.7683,4.7683,53839.14699,1.8077,16107530000,22425600000,4645.18571,499020,657842,4.7,73
11/1/04,71.93784,78.3,105.5292,4.6903,4.6903,57069.26023,1.8607,16382680000,21568490000,4744.163596,,672219,4.7,73
12/1/04,72.03959,78.6,105.0026,4.5316,4.5316,57741.09262,1.9286,16662660000,21546300000,4746.376186,,669244,4.7,73.1
1/1/05,73.1776,78.3,105.6345,4.5419,4.5419,54163.70032,1.8797,16301870000,21967890000,4826.489966,502702,675506,4.8,73.2
2/1/05,75.80225,78.5,105.2133,4.5884,4.5884,54686.65594,1.8871,16122620000,21484750000,4999.009985,,677996,4.7,73.1
3/1/05,75.18692,78.8,103.5282,4.796,4.796,57808.04674,1.9043,16244790000,21622580000,4961.84761,,696570,4.7,72.9
4/1/05,74.11638,79.1,106.2665,4.6218,4.6218,56417.99411,1.8961,16753190000,22459720000,4887.823823,506906,686966,4.8,72.9
5/1/05,74.69122,79.4,105.6345,4.4173,4.4173,55382.46919,1.8559,16965760000,21853590000,4928.924927,,710084,4.8,72.9
6/1/05,76.57999,79.4,106.4771,4.2847,4.2847,56148.70829,1.8177,17837520000,21952020000,5050.304532,,716384,4.7,73
7/1/05,79.2753,79.5,105.2133,4.3011,4.3011,56057.96497,1.7507,17755770000,22702730000,5228.052409,511132,713824,4.7,73
8/1/05,80.47882,79.7,104.3707,4.3249,4.3249,57170.77899,1.7944,18046850000,23209940000,5311.018177,,720320,4.7,73
9/1/05,81.77,79.9,105.8452,4.2109,4.2109,55785.51692,1.8064,18649340000,23230300000,5392.568182,,735656,4.9,72.9
10/1/05,80.25925,80,104.792,4.3482,4.3482,54247.99096,1.7651,19044380000,23320670000,5292.938081,515935,735231,5.1,72.8
11/1/05,82.76517,80,106.1611,4.3129,4.3129,54295.5802,1.7349,18957750000,23464460000,5458.190896,,751444,5.1,72.7
12/1/05,84.18204,80.3,109.742,4.2186,4.2186,54008.87838,1.7458,19531010000,24463170000,5547.244946,,756281,5.1,72.8
1/1/06,86.53724,80,108.2675,4.0752,4.0752,54296.30745,1.7686,20221360000,25018450000,5711.152367,518495,749760,5.2,72.8
2/1/06,88.05025,80.2,108.1622,4.1543,4.1543,52478.34937,1.748,21558540000,25594850000,5806.739966,,760417,5.2,72.9
3/1/06,90.05289,80.4,109.426,4.3177,4.3177,54798.11156,1.7442,22834640000,25056460000,5938.817383,,778594,5.3,72.9
4/1/06,91.76788,80.9,109.6367,4.5177,4.5177,57396.03835,1.768,23242790000,25557970000,6054.405572,520318,774343,5.4,72.8
5/1/06,88.72609,81.3,110.5845,4.6488,4.6488,60313.30808,1.8687,23033090000,26325480000,5845.99528,,785442,5.5,72.8
6/1/06,85.94738,81.5,111.2164,4.6645,4.6645,56896.69375,1.8435,22425960000,25773280000,5668.050004,,789344,5.5,72.9
7/1/06,88.45876,81.5,110.0579,4.656,4.656,55910.17264,1.8443,18287320000,25098170000,5833.671433,521780,789999,5.5,73
8/1/06,89.12746,81.8,111.0058,4.6535,4.6535,56535.49182,1.8941,18359290000,24689550000,5877.727251,,793105,5.5,72.8
9/1/06,89.40541,81.9,111.3217,4.5522,4.5522,56221.49646,1.8839,18316850000,24955690000,5896.109515,,802905,5.5,72.8
10/1/06,92.51802,82,110.1632,4.6155,4.6155,56028.78296,1.8765,17875880000,24282770000,6101.377264,524569,809591,5.4,72.7
11/1/06,93.52457,82.2,110.9005,4.5452,4.5452,57949.82547,1.9125,18195260000,24704630000,6167.759078,,821970,5.5,72.7
12/1/06,93.60903,82.6,110.1632,4.6195,4.6195,57482.62954,1.9629,18184720000,25199410000,6171.578922,,836518,5.5,72.6
1/1/07,94.57525,82.1,110.5845,4.8694,4.8694,55103.9932,1.9587,17724310000,24226900000,6237.790927,529398,822779,5.5,72.5
2/1/07,96.48055,82.4,109.1101,4.896,4.896,57552.62878,1.9589,17634200000,25128270000,6362.689966,,828880,5.5,72.5
3/1/07,94.10018,82.8,108.7941,4.8194,4.8194,61357.59426,1.9474,17839790000,25427210000,6205.70914,,850238,5.5,72.5
4/1/07,97.51363,83.1,107.3196,5.0439,5.0439,61130.89012,1.9879,18161740000,24942070000,6434.357884,533187,839395,5.4,72.7
5/1/07,99.64319,83.3,109.5313,5.1458,5.1458,61084.2894,1.9842,17926810000,24707300000,6569.776204,,867673,5.4,72.7
6/1/07,100.0481,83.5,107.7409,5.4321,5.4321,70788.16186,1.9867,18378000000,26048510000,6597.966657,,883075,5.3,72.6
7/1/07,99.50095,83.1,107.2143,5.4084,5.4084,59974.19984,2.0355,18079720000,25953210000,6561.877375,537052,883418,5.3,72.6
8/1/07,93.69653,83.4,108.5835,5.1499,5.1499,60606.40565,2.011,18313470000,25991210000,6177.222723,,890115,5.3,72.7
9/1/07,96.21412,83.5,107.2143,4.9928,4.9928,63531.94907,2.0184,18511540000,26949460000,6345.109985,,915076,5.2,72.8
10/1/07,100.0681,83.8,107.8462,4.9576,4.9576,68249.09488,2.0449,18607280000,26095120000,6599.278214,540258,913111,5.2,72.8
11/1/07,95.91085,84.1,108.0569,4.7263,4.7263,70665.47515,2.0701,19198400000,26869410000,6325.122736,,926993,5.2,72.9
12/1/07,97.58793,84.5,107.5303,4.6937,4.6937,69398.71581,2.0161,19155180000,26737380000,6431.136796,,922297,5.2,72.9
1/1/08,91.73453,84.1,107.425,4.4925,4.4925,70217.06115,1.9702,19781250000,27219680000,6031.19094,542804,1010095,5.2,73
2/1/08,89.61816,84.6,108.7941,4.6234,4.6234,73313.38315,1.9646,20131190000,27681050000,5910.133371,,1007677,5.2,73
3/1/08,85.81046,84.9,105.7399,4.445,4.445,72156.89535,2.0015,20092960000,27907400000,5676.268426,,1033880,5.3,73
4/1/08,90.88325,85.6,107.3196,4.6432,4.6432,68897.71305,1.9816,20363970000,28401860000,5993.572732,539918,1002412,5.2,73
5/1/08,93.77007,86.1,106.4771,4.8683,4.8683,67234.47261,1.965,20969990000,28832440000,6187.20498,,1005326,5.4,72.9
6/1/08,87.6187,86.6,106.0558,5.2103,5.2103,65173.36146,1.9664,21489400000,30052350000,5778.271415,,1011527,5.5,72.8
7/1/08,81.5069,86.6,106.8984,5.0494,5.0494,60348.06913,1.9888,21436720000,29403330000,5375.221722,531619,987128,5.7,72.6
8/1/08,82.90771,87.1,106.1611,4.7267,4.7267,56556.51361,1.8865,21138130000,29200430000,5465.715063,,971736,5.9,72.4
9/1/08,79.33064,87.5,105.7399,4.5701,4.5701,54525.99254,1.7973,20863490000,28437650000,5231.704568,,999615,6,72.3
10/1/08,64.93079,87.3,105.6345,4.5789,4.5789,52385.44336,1.6862,20211760000,27207470000,4282.056545,520230,986490,6.2,72.3
11/1/08,64.0498,87.3,101.2112,4.2571,4.2571,53418.43847,1.5327,19556390000,27759370000,4223.965027,,1016760,6.4,72.2
12/1/08,64.68772,87.1,101.3165,3.6238,3.6238,56109.86447,1.4854,19155420000,25628590000,4270.752418,,1029356,6.5,72.2
1/1/09,65.03269,86.6,98.89416,3.6699,3.6699,49635.66212,1.4462,18832890000,25826200000,4281.842878,509646,1037596,6.7,71.9
2/1/09,61.77861,87.2,98.89416,3.6899,3.6899,50805.47793,1.4422,18694370000,25463040000,4074.175012,,1035691,7.1,71.7
3/1/09,57.01818,87.3,98.15692,3.2497,3.2497,54070.7095,1.417,18355260000,24709780000,3760.23635,,1045565,7.3,71.4
4/1/09,61.27018,87.5,99.52607,3.4072,3.4072,56376.57532,1.4712,18497670000,25511360000,4046.334998,508009,1007574,7.6,71
5/1/09,66.49567,87.9,98.05161,3.6206,3.6206,60250.96802,1.5418,18064770000,24467420000,4393.778963,,1010491,7.8,70.8
6/1/09,65.94963,88.1,98.5782,3.7221,3.7221,61486.71566,1.6369,18028230000,24397670000,4349.25455,,1010426,7.9,70.6
7/1/09,66.33266,88,99.52607,3.8238,3.8238,59196.75684,1.6378,18444380000,24795590000,4374.500021,508398,995665,7.9,70.7
8/1/09,72.22261,88.3,97.52502,3.7142,3.7142,70603.21465,1.6532,18622120000,24832170000,4755.63999,,1001048,7.8,70.6
9/1/09,76.31963,88.3,97.52502,3.6566,3.6566,72581.25735,1.6323,19090960000,25989710000,5033.136386,,1052713,7.9,70.6
10/1/09,78.26147,88.4,97.73565,3.5699,3.5699,72849.36166,1.6212,19682460000,26764320000,5161.18639,509889,1047460,7.8,70.6
11/1/09,79.49123,88.6,97.52502,3.7592,3.7592,72041.9765,1.6599,19716980000,26368120000,5242.285761,,1066825,7.8,70.6
12/1/09,80.63334,88.9,97.63033,3.8871,3.8871,68605.6776,1.6226,19965910000,27170890000,5309.542829,,1061454,7.7,70.4
1/1/10,82.06037,88.8,97.10374,4.0025,4.0025,69110.13685,1.6158,19780540000,27443110000,5411.64502,514595,1085517,7.9,70.3
2/1/10,79.33413,89,98.05161,4.0624,4.0624,70045.88349,1.5618,20795920000,27589730000,5231.925,,1099975,8,70.2
3/1/10,85.23425,89.4,99.21011,4.0915,4.0915,75510.88109,1.5058,20791620000,28380060000,5621.030465,,1114759,8,70.2
4/1/10,86.77956,89.9,97.10374,4.1007,4.1007,77257.39807,1.5332,21061330000,28354960000,5720.744995,520128,1082850,7.9,70.4
5/1/10,79.41071,90.1,97.10374,3.7772,3.7772,75307.92349,1.4669,21418650000,29507120000,5222.873715,,1103421,7.9,70.4
6/1/10,77.93181,90.2,95.7346,3.6007,3.6007,76492.28664,1.4768,22272000000,30026030000,5139.445468,,1119393,7.8,70.6
7/1/10,78.21916,90,94.89205,3.5087,3.5087,77788.20942,1.5304,21987160000,30115110000,5158.390891,523173,1098996,7.8,70.6
8/1/10,80.00254,90.4,94.78673,3.233,3.233,77270.4831,1.5661,21959160000,29992870000,5279.552362,,1084440,7.8,70.7
9/1/10,83.62054,90.4,93.94418,3.1271,3.1271,82054.62776,1.5591,22153430000,29672320000,5514.595481,,1088855,7.9,70.5
10/1/10,86.2373,90.6,95.62928,3.0685,3.0685,81172.43419,1.5867,22346120000,30320950000,5687.18092,523515,1091191,7.9,70.3
11/1/10,86.95272,90.9,93.73354,3.311,3.311,80367.04252,1.5961,22729150000,31029910000,5734.359064,,1085904,7.9,70.4
12/1/10,89.17023,91.7,92.891,3.6098,3.6098,84005.59761,1.5595,23141900000,32655930000,5868.380929,,1080439,7.9,70.5
1/1/11,90.49825,91.8,93.83886,3.7273,3.7273,87732.75329,1.5782,24460530000,33119920000,5971.58999,524955,1067747,7.8,70.6
2/1/11,91.29873,92.3,91.20589,3.8799,3.8799,91001.01166,1.6124,24428950000,31660490000,6020.964941,,1064093,7.8,70.5
3/1/11,88.81116,92.6,90.67931,3.7386,3.7386,93075.52483,1.6159,23614770000,31126080000,5856.921705,,1096406,7.7,70.5
4/1/11,91.15983,93.3,90.04739,3.7619,3.7619,97371.18417,1.6379,24149680000,31888890000,6007.861057,525418,1068880,7.8,70.5
5/1/11,90.13159,93.5,90.88994,3.5053,3.5053,93809.74763,1.6332,24345600000,33501740000,5937.96499,,1090810,7.9,70.5
6/1/11,87.82962,93.5,91.10058,3.4144,3.4144,93859.09219,1.6219,24155040000,31566710000,5792.181796,,1081145,8,70.2
7/1/11,89.6133,93.5,90.78462,3.3137,3.3137,97968.18966,1.6158,24491640000,33873860000,5909.819057,527034,1079598,8.2,70.2
8/1/11,79.83832,93.9,90.78462,2.7833,2.7833,99131.20592,1.6356,24355240000,32433700000,5271.313632,,1092195,8.3,70.1
9/1/11,79.28227,94.5,91.10058,2.504,2.504,94470.18218,1.5771,24417540000,33504900000,5228.50455,,1104685,8.4,70.1
10/1/11,82.01352,94.5,90.78462,2.529,2.529,96049.49309,1.5768,25272010000,33866860000,5408.623837,527698,1090285,8.5,70.1
11/1/11,81.92102,94.7,91.20589,2.2917,2.2917,96165.04564,1.5806,24859110000,33434550000,5402.513605,,1117138,8.4,70.2
12/1/11,83.14214,95,92.04845,2.1828,2.1828,94462.17459,1.5587,24845000000,33016480000,5480.089966,,1081410,8.3,70.2
1/1/12,86.26339,94.7,91.94313,2.1104,2.1104,95225.80818,1.5524,24915090000,33913200000,5694.461914,532300,1084053,8.3,70.3
2/1/12,89.36356,95.2,91.20589,2.2191,2.2191,97848.45009,1.5804,24593390000,32892480000,5893.361933,,1078247,8.2,70.5
3/1/12,89.09153,95.4,91.52185,2.323,2.323,96577.70969,1.5824,25019130000,33537900000,5875.404541,,1100790,8.2,70.5
4/1/12,86.81686,95.9,91.73249,2.2117,2.2117,97664.75816,1.6,23944090000,33969320000,5725.594727,531663,1074958,8.1,70.7
5/1/12,82.94213,95.9,92.46972,1.9416,1.9416,97265.88062,1.5924,24619180000,32940860000,5466.461914,,1089496,8,70.9
6/1/12,82.78458,95.6,91.20589,1.7698,1.7698,96936.7808,1.5556,23703700000,32715280000,5480.457905,,1113740,8,71.1
7/1/12,85.46852,95.7,93.31227,1.6523,1.6523,98284.13456,1.5593,24866500000,32513950000,5636.468195,536720,1114527,7.9,71.2
8/1/12,87.88861,96.1,92.57504,1.6735,1.6735,97793.91416,1.5722,24518600000,34173770000,5796.954523,,1101137,7.8,71.1
9/1/12,88.03069,96.4,90.25803,1.7222,1.7222,98983.16575,1.6126,24462610000,33459580000,5805.44502,,1132131,7.8,71.1
10/1/12,88.43055,96.8,90.88994,1.7721,1.7721,99670.18558,1.608,23517630000,32225540000,5831.817383,536188,1126767,7.8,71.3
11/1/12,87.75896,97,91.62717,1.7741,1.7741,99482.86114,1.5968,23892610000,32134520000,5787.527277,,1146558,7.8,71.4
12/1/12,89.8544,97.3,92.78568,1.8467,1.8467,100558.5769,1.6145,24324220000,34148290000,5922.721037,,1155239,7.8,71.4
1/1/13,93.26134,97,91.52185,2.0795,2.0795,99770.50951,1.5965,24583420000,32485990000,6161.877264,537974,1157242,8,71.2
2/1/13,95.77787,97.5,91.94313,2.1781,2.1781,98256.08126,1.5474,24529420000,33660540000,6316.354956,,1170962,7.8,71.2
3/1/13,97.56867,97.8,92.99632,1.9768,1.9768,99367.72337,1.508,24766150000,35453870000,6435.590039,,1196504,7.8,71.2
4/1/13,96.48994,98,92.891,1.7824,1.7824,100763.9084,1.5311,24185060000,32763780000,6361.009556,541586,1192529,7.7,71.2
5/1/13,100.7186,98.2,93.20695,1.9462,1.9462,100280.0996,1.5297,24627120000,33448000000,6647.361886,,1207141,7.7,71.3
6/1/13,95.5213,98,94.26014,2.3063,2.3063,100807.5331,1.5493,25549030000,34855700000,6299.43501,,1227175,7.7,71.5
7/1/13,98.83331,98,94.26014,2.471,2.471,103476.3106,1.5179,24582090000,34085720000,6517.869544,546064,1228544,7.7,71.5
8/1/13,98.86803,98.4,93.73354,2.7088,2.7088,105408.1338,1.5505,24867760000,34921120000,6521.47619,,1222933,7.6,71.6
9/1/13,99.3566,98.7,94.99737,2.8443,2.8443,108108.0343,1.5885,24237800000,35268390000,6552.357143,,1240196,7.4,71.9
10/1/13,99.6535,98.8,94.47077,2.6784,2.6784,110315.8238,1.6098,24064170000,33877920000,6571.94786,549709,1250308,7.2,72
11/1/13,101.5092,98.8,94.5761,2.7598,2.7598,109147.4443,1.61,24228420000,34947300000,6694.319057,,1271822,7.2,72
12/1/13,99.83622,99.2,94.5761,2.9458,2.9458,106735.3063,1.6383,24326480000,32995700000,6572.98501,,1279731,7.1,72.1
1/1/14,101.8433,98.7,94.78673,2.91,2.91,108481.5271,1.647,23977410000,33576820000,6714.863592,554183,1281287,6.9,72.4
2/1/14,101.4896,99.1,95.31332,2.8147,2.8147,110035.2761,1.6558,23966660000,33802510000,6693.050024,,1293726,6.7,72.5
3/1/14,100.5595,99.3,94.5761,2.7837,2.7837,115448.6091,1.6624,24396940000,33036460000,6631.69994,,1318447,6.6,72.7
4/1/14,100.83,99.6,94.99737,2.7417,2.7417,113264.317,1.6748,23729110000,33658320000,6651.965039,559331,1307150,6.4,72.9
5/1/14,103.6177,99.6,94.47077,2.6989,2.6989,113619.6946,1.6842,23779480000,34278010000,6834.809961,,1321918,6.3,72.8
6/1/14,103.177,99.8,94.78673,2.7842,2.7842,117150.9238,1.6908,23110490000,33132550000,6804.314314,,1336076,6.1,72.8
7/1/14,102.6874,99.6,95.7346,2.7343,2.7343,115967.2424,1.7066,23501260000,34083330000,6772.030443,563694,1329388,6,73
8/1/14,101.826,99.9,95.20801,2.5347,2.5347,116360.515,1.67,23007830000,33225800000,6712.234961,,1324428,6,73
9/1/14,102.7743,100,96.05055,2.4919,2.4919,111726.2957,1.629,23436220000,33519950000,6777.754572,,1345422,5.9,73
10/1/14,97.177,100.1,96.05055,2.2469,2.2469,112919.9038,1.6074,23455060000,33156470000,6408.634829,567619,1339578,5.9,73
11/1/14,100.748,99.9,96.36651,2.1593,2.1593,114708.964,1.5771,23976100000,33825760000,6644.130005,,1364379,5.7,73.2
12/1/14,99.29762,99.9,97.84097,1.9287,1.9287,112457.5752,1.5644,23601900000,34502250000,6542.619071,,1370980,5.6,73.3
1/1/15,100.2738,99.2,97.20906,1.589,1.589,115734.0101,1.5142,23280220000,32768060000,6615.071405,569150,1374147,5.6,73.4
2/1/15,104.3025,99.5,98.36756,1.7365,1.7365,118828.5766,1.5329,22807250000,34187320000,6878.540063,,1367558,5.5,73.4
3/1/15,104.3932,99.6,99.52607,1.7941,1.7941,123814.9595,1.4958,22927980000,33290600000,6884.504572,,1402650,5.5,73.4
4/1/15,106.0855,99.9,100.0527,1.755,1.755,127185.2957,1.4968,23533990000,32533080000,7012.394971,572673,1393977,5.6,73.3
5/1/15,105.9059,100.1,100.4739,2.0243,2.0243,128928.2655,1.5456,24206810000,33666820000,6981.684185,,1403350,5.6,73.4
6/1/15,102.8565,100.1,100.5793,2.1696,2.1696,128518.1778,1.5576,23538290000,32792740000,6783.177268,,1417322,5.5,73.5
7/1/15,100.7856,100,100.3686,2.1353,2.1353,132002.0483,1.556,22223450000,32238060000,6646.617379,574836,1427605,5.4,73.5
8/1/15,97.74457,100.3,100.8952,1.9799,1.9799,136964.5047,1.5578,22709670000,32419680000,6455.955005,,1422947,5.3,73.7
9/1/15,92.30527,100.2,100.7899,1.8814,1.8814,139695.8244,1.5338,23019860000,32216990000,6087.336381,,1444924,5.2,73.9
10/1/15,96.14877,100.3,101.6324,1.846,1.846,141553.3514,1.5343,22776850000,34094480000,6340.81816,578068,1454742,5.1,74
11/1/15,95.63457,100.3,100.2633,1.9779,1.9779,136965.4815,1.5194,22451200000,32744770000,6306.909528,,1467135,5.1,74.1
12/1/15,93.56385,100.4,99.84203,1.9234,1.9234,137534.7395,1.4981,22366260000,31232880000,6162.319057,,1460532,5.1,74
1/1/16,90.03909,99.9,100.3686,1.7833,1.7833,140191.6081,1.4392,22734130000,32333080000,5922.669971,580110,1471261,5.1,74.1
2/1/16,89.18767,100.1,99.84203,1.5032,1.5032,138569.8278,1.429,23046650000,33629430000,5881.747628,,1499729,5.1,74.1
3/1/16,93.30228,100.4,99.84203,1.5434,1.5434,142991.7961,1.4249,23293940000,33502270000,6157.533343,,1522403,5,74.1
4/1/16,95.1037,100.6,102.475,1.5688,1.5688,150248.0859,1.4319,24301650000,35148650000,6271.895206,583383,1507905,4.9,74.3
5/1/16,93.60706,100.8,100.8952,1.5366,1.5366,147036.5368,1.4524,23548950000,33615430000,6164.894946,,1531728,4.9,74.4
6/1/16,93.63906,101,99.94734,1.3105,1.3105,149191.772,1.4197,23938390000,34848780000,6175.304554,,1596184,4.9,74.5
7/1/16,100.9262,100.9,99.94734,0.9569,0.9569,152170.6205,1.3134,24200290000,35525730000,6655.876163,585856,1597060,5,74.4
8/1/16,103.4513,101.2,99.52607,0.7421,0.7421,152116.4107,1.3101,24571680000,36375800000,6821.699996,,1603433,4.8,74.4
9/1/16,103.3202,101.5,99.63139,0.8243,0.8243,132275.7233,1.314,24652980000,37364010000,6813.754506,,1609311,4.8,74.4
10/1/16,106.3142,101.6,97.41969,1.078,1.078,131318.9823,1.233,25600690000,36175270000,7011.209519,589476,1618050,4.8,74.4
11/1/16,103.1622,101.8,98.99947,1.3818,1.3818,126097.6987,1.2432,25972220000,37582740000,6803.331831,,1616999,4.7,74.5
12/1/16,105.7012,102.2,101.1058,1.4336,1.4336,123500.3035,1.2483,26574490000,38741530000,6961.035034,,1622180,4.7,74.5
1/1/17,109.302,101.8,100.158,1.4203,1.4203,128140.1244,1.2367,26732760000,38126580000,7211.35712,594423,1606038,4.6,74.6
2/1/17,109.79,102.4,99.31543,1.3058,1.3058,127800.1414,1.2495,26985980000,38700830000,7240.429956,,1613995,4.6,74.7
3/1/17,111.5961,102.7,98.47288,1.194,1.194,129491.6573,1.2347,27168160000,39193490000,7359.534774,,1650695,4.5,74.7
4/1/17,110.2385,103.2,98.89416,1.0789,1.0789,136231.6549,1.2639,27559470000,39072600000,7263.605604,598176,1644303,4.4,74.8
5/1/17,112.4915,103.5,99.31543,1.1175,1.1175,137758.9173,1.2929,27266160000,38856430000,7422.65239,,1663339,4.4,75
6/1/17,113.1798,103.5,99.31543,1.0846,1.0846,134919.1664,1.281,26932970000,38844740000,7463.972656,,1675576,4.3,75.2
7/1/17,112.1469,103.5,99.7367,1.2713,1.2713,142803.162,1.2996,27267120000,38809570000,7395.847586,601961,1671181,4.3,75.1
8/1/17,112.3438,104,99.94734,1.1241,1.1241,142534.7235,1.2952,27386600000,39660280000,7409.186368,,1684731,4.3,74.9
9/1/17,111.2187,104.3,101.9484,1.2436,1.2436,136515.9264,1.334,28087100000,40149180000,7334.652367,,1702523,4.2,75
10/1/17,113.8502,104.4,102.3697,1.3816,1.3816,135978.7296,1.3202,27761460000,38486400000,7508.177268,606396,1695412,4.3,75.2
11/1/17,112.835,104.7,102.7909,1.3299,1.3299,133158.525,1.3217,28088800000,39069340000,7441.236395,,1705048,4.4,75.1
12/1/17,113.6094,105,102.5803,1.2781,1.2781,137923.735,1.3404,28035260000,39792620000,7481.752647,,1701758,4.3,75.2
1/1/18,116.6877,104.5,103.9494,1.3931,1.3931,143099.8929,1.3824,28739320000,39883350000,7695.636341,606785,1699029,4.2,75.3
2/1/18,110.0247,104.9,104.6867,1.6034,1.6034,141032.7995,1.3961,28071810000,38246040000,7255.909985,,1694052,4.2,75.5
3/1/18,107.4874,105.1,104.2654,1.508,1.508,144442.2599,1.3976,27929150000,39851560000,7090.085705,,1702449,4.2,75.5
4/1/18,110.3475,105.5,103.7388,1.5108,1.5108,141686.3838,1.4079,27297410000,38220280000,7288.219971,607775,1701769,4.2,75.5
5/1/18,116.5558,105.9,103.1069,1.5016,1.5016,145526.8141,1.347,27816530000,39430980000,7690.228609,,1730964,4,75.4
6/1/18,116.1057,105.9,105.4239,1.4229,1.4229,142966.0094,1.3294,28623840000,40322040000,7656.933245,,1749894,4,75.4
7/1/18,116.0167,105.9,103.9494,1.3739,1.3739,140956.0757,1.3162,28775910000,40312770000,7651.077215,609653,1740079,4,75.4
8/1/18,115.3089,106.5,103.9494,1.3991,1.3991,146434.614,1.2878,28816880000,41402670000,7605.609109,,1747531,4.1,75.4
9/1/18,111.9961,106.6,103.6335,1.5023,1.5023,141940.4382,1.3066,29307340000,40732170000,7385.915015,,1763645,4.1,75.6
10/1/18,108.2222,106.7,102.7909,1.5462,1.5462,145295.0366,1.3012,28721360000,40855270000,7137.034774,610481,1784344,4,75.6
11/1/18,106.7632,106.9,101.6324,1.4541,1.4541,155060.28,1.29,28432310000,41394290000,7040.81816,,1785541,4,75.7
12/1/18,102.8222,107.1,101.2112,1.3125,1.3125,159871.9549,1.2664,27766560000,41240450000,6790.900031,,1775685,3.9,76
1/1/19,103.9577,106.4,102.5803,1.3221,1.3221,161903.8378,1.2901,29087970000,42415320000,6861.590931,614936,1747380,4,76
2/1/19,108.3783,106.8,103.2122,1.239,1.239,156535.8414,1.3016,29398830000,43077820000,7147.315088,,1736825,3.8,75.9
3/1/19,109.2462,107,104.2654,1.19,1.19,150377.5887,1.3167,29911280000,44351250000,7204.561919,,1754522,3.8,76
4/1/19,112.7637,107.6,102.475,1.1906,1.1906,153940.2591,1.3029,27542110000,38595610000,7434.209985,616853,1750726,3.8,76
5/1/19,110.3894,107.9,103.8441,1.13,1.13,143313.0902,1.2855,27931590000,40110950000,7275.271438,,1763612,3.9,76.1
6/1/19,111.5929,107.9,104.3707,0.919,0.919,146737.0585,1.2675,28188380000,39670810000,7359.309961,,1773700,3.9,76
7/1/19,114.4728,108,105.3186,0.8304,0.8304,154147.5115,1.2461,28182660000,39993970000,7549.256539,621227,1776656,3.9,75.9
8/1/19,109.1551,108.3,104.792,0.5776,0.5776,152579.9682,1.216,28538200000,41566070000,7203.500047,,1797051,3.9,76
9/1/19,110.9959,108.4,106.6877,0.5981,0.5981,144183.2845,1.2369,28927280000,41412170000,7319.957148,,1811871,3.8,76
10/1/19,109.4995,108.3,108.1622,0.6373,0.6373,160137.8981,1.2657,28243950000,42040970000,7221.273883,621229,1799648,3.8,76.2
11/1/19,111.4263,108.5,108.4781,0.765,0.765,155089.8085,1.2884,26843450000,37347600000,7348.33331,,1819234,3.7,76.4
12/1/19,112.5802,108.5,109.6367,0.8308,0.8308,158375.6887,1.3109,27560760000,37049080000,7403.669946,,1812159,3.9,76.4
1/1/20,114.5953,108.3,111.4271,0.7235,0.7235,153576.1349,1.3076,27807580000,37274710000,7558.004528,604719,1806042,3.9,76.5
2/1/20,110.8974,108.6,113.2175,0.633,0.633,150949.4314,1.2953,26773420000,36694710000,7313.444946,,1825177,4.1,75.9
3/1/20,87.06705,108.6,104.5814,0.4609,0.4609,154166.5762,1.2369,24794550000,35014610000,5741.890936,,1949252,4.1,75.7
4/1/20,87.03309,108.6,88.57293,0.3577,0.3577,156418.0869,1.242,18837280000,26651740000,5729.350024,481769,1974869,4.1,75.5
5/1/20,90.33038,108.6,95.41864,0.2743,0.2743,157193.0818,1.2302,20186240000,27129090000,5956.321006,,2025615,4.1,75.4
6/1/20,94.69035,108.8,105.5292,0.278,0.278,155407.54,1.2523,22342790000,31367900000,6244.622758,,2051540,4.4,75.3
7/1/20,93.51866,109.2,110.4792,0.2094,0.2094,158234.0444,1.2701,23521950000,33666000000,6167.365192,562648,2065899,4.6,75
8/1/20,92.02005,108.8,112.9015,0.2717,0.2717,157126.049,1.3143,24732950000,35085890000,6073.77002,,2078755,5,74.6
9/1/20,89.9651,109.2,113.2175,0.273,0.273,150461.3709,1.2947,24653180000,38028600000,5933.018133,,2096425,5.2,74.5
10/1/20,88.72897,109.2,113.0068,0.3058,0.3058,153225.959,1.298,25788240000,38902470000,5851.5,570338,2131837,5.2,74.5
11/1/20,94.35523,109.1,113.3228,0.3836,0.3836,161108.1432,1.3198,26648340000,41149540000,6222.542829,,2159573,5.3,74.3
12/1/20,98.82664,109.4,111.4271,0.3224,0.3224,161188.4101,1.3434,26599760000,41318660000,6522.159937,,2179533,5.2,74.3
1/1/21,101.4009,109.3,107.8462,0.3672,0.3672,154989.4562,1.3641,21521310000,33806220000,6698.53999,564411,2175793,5,74.5
2/1/21,99.82986,109.4,106.8984,0.6222,0.6222,153876.6676,1.3867,23716710000,36021710000,6583.575,,2194582,4.9,74.4
3/1/21,101.8014,109.7,106.3718,0.8456,0.8456,154220.4747,1.3863,25735610000,37320610000,6713.591351,,2233877,4.8,74.4
4/1/21,104.7217,110.4,104.8973,0.8515,0.8515,154415.1344,1.3845,25425230000,38228750000,6923.080005,605353,2247517,4.8,74.5
5/1/21,106.4692,111,104.792,0.9058,0.9058,152301.9052,1.4084,26598070000,39432570000,7024.07373,,2251440,4.7,74.7
6/1/21,107.6213,111.4,103.1069,0.8549,0.8549,149929.8216,1.4025,25885600000,39203620000,7097.418213,,2281427,4.6,74.8
7/1/21,106.8666,111.4,102.0537,0.6979,0.6979,151378.8108,1.3808,26221280000,40357410000,7047.627264,615459,2279466,4.5,74.9
8/1/21,108.2514,112.1,102.159,0.644,0.644,174061.3976,1.3797,25639230000,39385240000,7138.5143,,2284956,4.4,75
9/1/21,107.1312,112.4,101.0005,0.8023,0.8023,175878.798,1.3732,26344980000,42451440000,7065.090909,,2326605,4.3,75
10/1/21,108.6177,113.4,100.158,1.083,1.083,174753.4798,1.3701,27908470000,42150160000,7163.114281,624592,2356367,4.2,75
11/1/21,110.1591,114.1,101.7378,0.9394,0.9394,175058.2949,1.3463,27823630000,43356440000,7264.772727,,2376142,4.2,75.1
12/1/21,110.5146,114.7,101.9484,0.8375,0.8375,176024.005,1.3303,28409720000,46783730000,7280.233305,,2372170,4.1,75
1/1/22,113.6568,114.6,101.5271,1.2051,1.2051,168394.7346,1.3555,27312910000,50353020000,7501,629149,2351964,3.9,75
2/1/22,114.2632,115.4,101.2112,1.4891,1.4891,169052.5809,1.354,28524600000,48868690000,7535.409961,,2367688,3.8,75.1
3/1/22,110.9183,116.5,100.8952,1.5457,1.5457,171196.6493,1.3168,29462790000,52040000000,7314.830481,,2416450,3.8,75.2
4/1/22,114.6437,119,100.7899,1.8362,1.8362,161830.0504,1.2933,30658360000,52667730000,7554.636873,631258,2404371,3.7,75.4
5/1/22,112.9969,119.7,101.0005,1.9069,1.9069,159669.578,1.2438,31679590000,53657080000,7447.514276,,2422960,3.8,75.1
6/1/22,110.677,120.5,100.0527,2.3824,2.3824,156970.5878,1.232,30692970000,50757880000,7275.524951,,2450743,3.6,75
7/1/22,109.5683,121.2,99.52607,2.1454,2.1454,154458.4875,1.1987,32579240000,52377170000,7225.804734,631977,2450498,3.6,75
8/1/22,113.2166,121.8,98.99947,2.3278,2.3278,153637.2341,1.1983,33236470000,54153490000,7468.18639,,2468431,3.7,75
9/1/22,109.0082,122.3,98.78883,3.5007,3.5007,143168.4199,1.132,32814870000,51613160000,7186.585728,,2575027,3.8,75
10/1/22,105.719,124.3,99.21011,4.1096,4.1096,147883.9511,1.1332,32019530000,51225460000,6971.957171,634044,2489997,3.9,75
11/1/22,111.7236,124.8,98.99947,3.4171,3.4171,155708.3119,1.1727,32171400000,52115790000,7367.93184,,2460540,3.9,75.1
12/1/22,113.3291,125.3,99.10479,3.5015,3.5015,158329.8886,1.218,32275810000,58747390000,7473.890039,,2385914,3.9,75.2
1/1/23,117.266,124.8,98.99947,3.5115,3.5115,157178.4263,1.2237,31959320000,53266030000,7746.876232,634428,2382252,4,75.2
2/1/23,120.0188,126,99.10479,3.5553,3.5553,150887.5499,1.2084,31480140000,52700520000,7915.005029,,2370188,4,75.3
3/1/23,115.8184,126.8,99.7367,3.5638,3.5638,153635.1799,1.2138,30732330000,49968110000,7637.986923,,2345960,3.9,75.5
4/1/23,118.566,128.3,99.84203,3.6503,3.6503,155736.0273,1.2446,31548320000,51186840000,7827.794461,634694,2317970,4,75.4
5/1/23,116.9485,129.1,98.89416,3.9621,3.9621,151735.7335,1.2484,30660960000,52181300000,7705.580029,,2314168,4.2,75.2
6/1/23,114.5883,129.4,101.5271,4.3659,4.3659,154203.9023,1.2627,30547370000,49223390000,7556.863636,,2303815,4.3,74.9
7/1/23,113.9178,129,100.4739,4.4372,4.4372,158791.9224,1.2893,30765010000,48972830000,7512.647624,634327,2283652,4.3,74.7
8/1/23,112.8674,129.4,100.0527,4.5298,4.5298,157474.6469,1.2706,29584920000,47681120000,7448.131836,,2254398,4.1,74.9
9/1/23,114.8787,130.1,99.84203,4.4199,4.4199,151702.3489,1.2381,29828340000,46852470000,7576.014323,,2232090,4,74.9
10/1/23,113.4461,130.2,98.47288,4.5695,4.5695,151405.6687,1.2175,30358280000,49983140000,7481.522772,633011,2230629,4,74.9
11/1/23,112.8533,130,98.99947,4.2721,4.2721,154558.6238,1.2437,30441230000,48502700000,7442.445468,,2223582,3.9,74.9
12/1/23,115.4689,130.5,99.63139,3.8622,3.8622,157340.7691,1.2657,30150070000,48361390000,7606.24211,,2232743,4.1,74.7
1/1/24,115.3066,130,99.10479,3.9319,3.9319,153809.6389,1.2701,29619420000,45898610000,7598.363659,638746,2191898,4.2,74.6
2/1/24,115.8311,130.8,100.0527,4.123,4.123,152818.4433,1.263,29718310000,45685670000,7638.828567,,2200510,4.3,74.5
3/1/24,117.9558,131.6,100.2633,4.033,4.033,153682.7226,1.2713,29591460000,47396120000,7770.265015,,2235872,4.4,74.4